mode,invocation_id,runtime_sec,context_load_sec,library_setup_sec,compute_sec,start_wall_time,end_wall_time,checksum,completion_sec,workers
L1,0,0.07810079299997597,0.06443383800001357,0.0,0.002350345999957426,1781386799.3824763,1781386799.4605794,0.03162277660165239,0.24424219131469727,1
L1,1,0.07655195899997125,0.06366549599988502,0.0,0.0015391389999876992,1781386799.614274,1781386799.6908283,0.03162277660165169,0.4744911193847656,1
L1,2,0.07371861000001445,0.061536972000112655,0.0,0.001532424000060928,1781386799.8248904,1781386799.8986108,0.031622776601652275,0.6822736263275146,1
L1,3,0.0747538150001219,0.06218674000001556,0.0,0.001614079000091806,1781386800.0355535,1781386800.1103094,0.031622776601652136,0.8939721584320068,1
L1,4,0.07443698700012646,0.06207065999979022,0.0,0.0014814529999966908,1781386800.248276,1781386800.322715,0.03162277660165262,1.1063778400421143,1
L1,5,0.07350876499981496,0.061179643000059514,0.0,0.0015455459999884624,1781386800.4604726,1781386800.5339835,0.031622776601652164,1.3176462650299072,1
L1,6,0.07446006500003932,0.0617870609999045,0.0,0.001708070000177031,1781386800.6705868,1781386800.7450488,0.031622776601652094,1.5287115573883057,1
L1,7,0.07351427799994781,0.060979317999908744,0.0,0.0015484579998883419,1781386800.8790166,1781386800.9525328,0.031622776601652365,1.7361955642700195,1
L1,8,0.07286469699988629,0.060651897000070676,0.0,0.0014686770000480465,1781386801.0862129,1781386801.1590793,0.03162277660165214,1.942742109298706,1
L1,9,0.0740094150000914,0.06129071999998814,0.0,0.001610115000175938,1781386801.2949834,1781386801.3689947,0.03162277660165214,2.1526575088500977,1
L1,10,0.07438100199988185,0.061733025999956226,0.0,0.0014980409998770483,1781386801.5062032,1781386801.580586,0.03162277660165213,2.364248752593994,1
L1,11,0.0741881280000598,0.061341719999973066,0.0,0.0015043299999888404,1781386801.718871,1781386801.793061,0.03162277660165203,2.57672381401062,1
L1,12,0.0730176689999098,0.06073606600011772,0.0,0.0015149969999583845,1781386801.9319463,1781386802.0049663,0.031622776601652004,2.7886290550231934,1
L1,13,0.07293640900002174,0.06077695900012259,0.0,0.001462826000079076,1781386802.1393454,1781386802.2122838,0.03162277660165259,2.9959466457366943,1
L1,14,0.0735906980000891,0.06101343199998155,0.0,0.001499167000019952,1781386802.347414,1781386802.4210067,0.03162277660165214,3.20466947555542,1
L1,15,0.07367268899997725,0.06118782499993358,0.0,0.0014945329999136447,1781386802.557295,1781386802.6309698,0.03162277660165201,3.414632558822632,1
L1,16,0.07492608100005782,0.06105493499990189,0.0,0.002188099999784754,1781386802.7690966,1781386802.8440256,0.03162277660165162,3.627688407897949,1
L1,17,0.07420158100012486,0.06166775899987442,0.0,0.0014731589999428252,1781386802.9897594,1781386803.0639632,0.03162277660165256,3.847625970840454,1
L1,18,0.07367001900001924,0.06096105399979024,0.0,0.0014952720000565023,1781386803.2064776,1781386803.2801495,0.031622776601652115,4.063812255859375,1
L1,19,0.07318331400006173,0.06102018699994005,0.0,0.0014211949999207718,1781386803.4188738,1781386803.4920592,0.03162277660165225,4.275722026824951,1
L1,20,0.07417690799979937,0.06177739000008842,0.0,0.0015122489999157551,1781386803.6299014,1781386803.7040818,0.031622776601651956,4.487744569778442,1
L1,21,0.07277060000001256,0.0608573009999418,0.0,0.0014431669999339647,1781386803.8359582,1781386803.9087312,0.03162277660165212,4.692394018173218,1
L1,22,0.07360046999997394,0.060946540000031746,0.0,0.0014938670001356513,1781386804.0430543,1781386804.1166565,0.03162277660165202,4.900319337844849,1
L1,23,0.07291809299999841,0.060890340000014476,0.0,0.0014339770000333374,1781386804.2500696,1781386804.3229892,0.03162277660165221,5.106652021408081,1
L1,24,0.07302440400007981,0.06089474399982464,0.0,0.0014379420001660037,1781386804.4579206,1781386804.5309467,0.031622776601652317,5.314609527587891,1
L1,25,0.0720168539999122,0.06028467000010096,0.0,0.0014241660001061973,1781386804.660849,1781386804.7328682,0.031622776601652226,5.516530990600586,1
L1,26,0.0719929559998036,0.06037254800003211,0.0,0.0014355999999224878,1781386804.8619363,1781386804.9339314,0.03162277660165183,5.717594146728516,1
L1,27,0.0728620720001345,0.06116142500013666,0.0,0.001408841000056782,1781386805.0651221,1781386805.1379864,0.031622776601652205,5.921649217605591,1
L1,28,0.07224091800003407,0.06058764800013705,0.0,0.0014357540001128655,1781386805.265611,1781386805.337854,0.03162277660165196,6.121516704559326,1
L1,29,0.07229246699989744,0.06058588099995177,0.0,0.0014290490000803402,1781386805.4699502,1781386805.5422447,0.03162277660165266,6.325907468795776,1
L1,30,0.07181194400004642,0.060244453999985126,0.0,0.0014048160001038923,1781386805.6703324,1781386805.742146,0.031622776601652115,6.525808811187744,1
L1,31,0.07241739799997049,0.06071914099993592,0.0,0.0014361850001023413,1781386805.873565,1781386805.9459846,0.03162277660165247,6.729647397994995,1
L1,32,0.07178225400002702,0.06021577699993941,0.0,0.0014397009999811416,1781386806.073873,1781386806.1456575,0.031622776601651977,6.929320335388184,1
L1,33,0.07276966800009177,0.06101032599985956,0.0,0.0014397529998859682,1781386806.2775412,1781386806.350313,0.0316227766016524,7.1339757442474365,1
L1,34,0.07307030900005884,0.061325909999823125,0.0,0.0014059000000088417,1781386806.4791746,1781386806.552247,0.03162277660165211,7.335909843444824,1
L1,35,0.073172169000145,0.060767743000042174,0.0,0.001471617000106562,1781386806.687855,1781386806.761029,0.03162277660165204,7.544691801071167,1
L1,36,0.07285438700000668,0.060669896000035806,0.0,0.0014480049999292532,1781386806.8964705,1781386806.9693267,0.03162277660165226,7.7529895305633545,1
L1,37,0.07403140700012045,0.061916824000036286,0.0,0.001442514000018491,1781386807.104847,1781386807.1788805,0.031622776601652004,7.962543249130249,1
L1,38,0.07233850300008271,0.06046530499997971,0.0,0.0014119279999249557,1781386807.3108816,1781386807.3832219,0.031622776601652164,8.166884660720825,1
L1,39,0.0728678079999554,0.06049230300004638,0.0,0.001445876999923712,1781386807.516977,1781386807.5898468,0.03162277660165194,8.373509645462036,1
L1,40,0.07483718699995734,0.06259657199984758,0.0,0.0016851520001637255,1781386807.7247949,1781386807.7996347,0.03162277660165227,8.583297491073608,1
L1,41,0.07433305900008236,0.06176385899993875,0.0,0.0014585220001208654,1781386807.9347868,1781386808.0091221,0.03162277660165202,8.792784929275513,1
L1,42,0.07321675699995467,0.061227563000102236,0.0,0.0014551490000940248,1781386808.1475065,1781386808.2207248,0.0316227766016521,9.004387617111206,1
L1,43,0.0732437359999949,0.06067202700000962,0.0,0.0020477620000747265,1781386808.350573,1781386808.4238188,0.03162277660165232,9.207481622695923,1
L1,44,0.07253986099999565,0.06043473500017171,0.0,0.001437099999975544,1781386808.5552952,1781386808.6278372,0.03162277660165214,9.411499977111816,1
L1,45,0.07273426400001881,0.06055761900006473,0.0,0.0014636999999311229,1781386808.758604,1781386808.8313403,0.03162277660165209,9.615003108978271,1
L1,46,0.0725056809999387,0.060792846999902395,0.0,0.0014187909998781834,1781386808.9638941,1781386809.0364017,0.03162277660165256,9.820064544677734,1
L1,47,0.07215340200013998,0.06028102699997362,0.0,0.0014433789999657165,1781386809.1654923,1781386809.2376478,0.03162277660165203,10.021310567855835,1
L1,48,0.07275589400001081,0.06083996699999261,0.0,0.0014561620000677067,1781386809.3690104,1781386809.4417684,0.031622776601651865,10.225431203842163,1
L1,49,0.07223849499996504,0.06036377899999934,0.0,0.0014469029999872873,1781386809.57171,1781386809.643951,0.03162277660165208,10.427613735198975,1
L1,50,0.07414424300009159,0.06166646299993772,0.0,0.0014533900000515132,1781386809.776588,1781386809.8507352,0.03162277660165232,10.634397983551025,1
L1,51,0.0725950210000974,0.06053703900010987,0.0,0.001444123000055697,1781386809.982303,1781386810.0549,0.03162277660165224,10.838562726974487,1
L1,52,0.07201009400000657,0.06031102499991903,0.0,0.001388264000070194,1781386810.185839,1781386810.2578511,0.03162277660165202,11.041513919830322,1
L1,53,0.07204788300009568,0.060390451999865036,0.0,0.00139855800011901,1781386810.389555,1781386810.4616046,0.03162277660165236,11.245267391204834,1
L1,54,0.07175767599983374,0.06014285900005234,0.0,0.0013795459999528248,1781386810.5913224,1781386810.663082,0.031622776601652434,11.446744680404663,1
L1,55,0.07574623200002861,0.06356107299984615,0.0,0.001440387999991799,1781386810.792951,1781386810.8686993,0.03162277660165237,11.65236210823059,1
L1,56,0.0726091940000515,0.0609912610000265,0.0,0.0014132869998775277,1781386810.9984229,1781386811.0710337,0.03162277660165218,11.85469651222229,1
L1,57,0.07361570199987,0.06194803499988666,0.0,0.0014314259999537171,1781386811.1996398,1781386811.2732575,0.03162277660165218,12.056920289993286,1
L1,58,0.07194753399994624,0.060390585999812174,0.0,0.0014020620001247153,1781386811.401883,1781386811.4738321,0.03162277660165203,12.257494926452637,1
L1,59,0.0738450390001617,0.06182733199989343,0.0,0.0013923730000442447,1781386811.602231,1781386811.6760778,0.03162277660165209,12.45974063873291,1
L1,60,0.0722548740000093,0.060489011000072423,0.0,0.001410758000019996,1781386811.8075008,1781386811.879758,0.031622776601652,12.663420677185059,1
L1,61,0.07201109900006486,0.06023133000007874,0.0,0.0014093540000885696,1781386812.009102,1781386812.0811145,0.03162277660165202,12.864777326583862,1
L1,62,0.07245403399997485,0.06055506999996396,0.0,0.0014068949999455072,1781386812.2103574,1781386812.2828135,0.03162277660165239,13.066476345062256,1
L1,63,0.07240968399992198,0.0604163210000479,0.0,0.0014404599999124912,1781386812.4136055,1781386812.4860168,0.03162277660165232,13.269679546356201,1
L1,64,0.07338973199989596,0.06142712099995151,0.0,0.0014329240000279242,1781386812.6150453,1781386812.6884372,0.03162277660165211,13.472100019454956,1
L1,65,0.07262262200015357,0.06079354300004525,0.0,0.0014527180001095985,1781386812.8214526,1781386812.8940768,0.031622776601652365,13.67773962020874,1
L1,66,0.07223638100003882,0.060502207999888924,0.0,0.00145775600003617,1781386813.0245812,1781386813.0968192,0.03162277660165204,13.880481958389282,1
L1,67,0.07291365199989741,0.06101391900006092,0.0,0.0014131410000572941,1781386813.2263422,1781386813.2992575,0.03162277660165221,14.08292031288147,1
L1,68,0.07219939400010844,0.06040509599984034,0.0,0.0014223570001377084,1781386813.4292428,1781386813.501444,0.03162277660165235,14.285106897354126,1
L1,69,0.07456590900005722,0.061980469999980414,0.0,0.0014889429999129788,1781386813.631527,1781386813.7060947,0.031622776601652185,14.489757537841797,1
L1,70,0.07324032100018485,0.06136628500007646,0.0,0.0014241419999052596,1781386813.8417323,1781386813.9149747,0.03162277660165205,14.69863748550415,1
L1,71,0.07216873999982454,0.060412299000063285,0.0,0.0014553039998190798,1781386814.044943,1781386814.1171136,0.03162277660165213,14.900776386260986,1
L1,72,0.07212318500000947,0.060262410999939675,0.0,0.00142187999995258,1781386814.2478967,1781386814.3200214,0.031622776601652317,15.103684186935425,1
L1,73,0.07399683399989954,0.06167190299993308,0.0,0.0014440989998547593,1781386814.4500794,1781386814.5240781,0.03162277660165245,15.307740926742554,1
L1,74,0.07208354800013694,0.06042413000000124,0.0,0.0014124479998827155,1781386814.6561239,1781386814.7282093,0.03162277660165237,15.511872053146362,1
L1,75,0.07329760900006477,0.061298514999862164,0.0,0.0014304359999641747,1781386814.8584871,1781386814.9317865,0.03162277660165255,15.715449333190918,1
L1,76,0.07214760900001238,0.06018472699997801,0.0,0.0016261999999187537,1781386815.0612721,1781386815.1334214,0.031622776601651914,15.917084217071533,1
L1,77,0.07439420200012137,0.06161841799985268,0.0,0.0015450409998720716,1781386815.2637157,1781386815.3381124,0.03162277660165256,16.121775150299072,1
L1,78,0.0727988109999842,0.06061663100012993,0.0,0.0017612999999983003,1781386815.4702873,1781386815.5430882,0.03162277660165201,16.326750993728638,1
L1,79,0.07256529899996167,0.060397278999971604,0.0,0.0014678329998787376,1781386815.6742656,1781386815.7468328,0.031622776601652185,16.530495643615723,1
L1,80,0.07695003499998165,0.06475399199985077,0.0,0.001479742000128681,1781386815.8964283,1781386815.9733806,0.03162277660165191,16.75704336166382,1
L1,81,0.07287421999990329,0.06076490200007356,0.0,0.001466087999915544,1781386816.105055,1781386816.17794,0.03162277660165228,16.961602687835693,1
L1,82,0.07416097100008301,0.062088413000083165,0.0,0.0014578619998246722,1781386816.3087373,1781386816.3829002,0.03162277660165166,17.166563034057617,1
L1,83,0.07295131299997593,0.061206289999972796,0.0,0.0014165280001634528,1781386816.516751,1781386816.5897038,0.03162277660165222,17.373366594314575,1
L1,84,0.07258540099974198,0.0609784389998822,0.0,0.001390275999710866,1781386816.7192934,1781386816.7918806,0.03162277660165221,17.57554340362549,1
L1,85,0.07269536900003004,0.06102154599966525,0.0,0.0014390250003089022,1781386816.923852,1781386816.9965491,0.03162277660165259,17.780211925506592,1
L1,86,0.07358312799988198,0.061315058000218414,0.0,0.001408134000030259,1781386817.1260402,1781386817.1996253,0.03162277660165267,17.983288049697876,1
L1,87,0.07211524299964367,0.06052089800004978,0.0,0.0014210999997885665,1781386817.3290925,1781386817.4012098,0.03162277660165226,18.1848726272583,1
L1,88,0.07183557000007568,0.06024555799967857,0.0,0.0014201109997884487,1781386817.5300965,1781386817.6019342,0.03162277660165186,18.385596990585327,1
L1,89,0.072845311999572,0.06105058799994367,0.0,0.0014526309996654163,1781386817.7316897,1781386817.8045368,0.03162277660165219,18.588199615478516,1
L1,90,0.0731296270000712,0.061264930999641365,0.0,0.0013737879999098368,1781386817.9345007,1781386818.0076318,0.031622776601652365,18.79129457473755,1
L1,91,0.07191397200040228,0.06029763200012894,0.0,0.001424705000317772,1781386818.138358,1781386818.2102737,0.03162277660165197,18.99393653869629,1
L1,92,0.07241121500010195,0.06035336600007213,0.0,0.0014588859999093984,1781386818.3401105,1781386818.4125237,0.03162277660165211,19.196186542510986,1
L1,93,0.07188358499979586,0.06020307800008595,0.0,0.0014088180000726425,1781386818.545956,1781386818.6178412,0.03162277660165246,19.401504039764404,1
L1,94,0.0739116939998894,0.06138237100003607,0.0,0.0014523889999509265,1781386818.7476346,1781386818.8215482,0.03162277660165221,19.60521101951599,1
L1,95,0.07181621000017913,0.060222199999770964,0.0,0.001419991000148002,1781386818.952612,1781386819.0244298,0.03162277660165204,19.80809259414673,1
L1,96,0.07289947700019184,0.06060729699993317,0.0,0.0015252570001393906,1781386819.1553922,1781386819.2282937,0.03162277660165222,20.011956453323364,1
L1,97,0.07297276700001021,0.0610933660000228,0.0,0.0014704929999425076,1781386819.3598566,1781386819.4328313,0.031622776601652205,20.21649408340454,1
L1,98,0.0728846350002641,0.061084148999725585,0.0,0.001435271999980614,1781386819.5620172,1781386819.6349041,0.03162277660165241,20.418566942214966,1
L1,99,0.07194293900010962,0.06017712299990308,0.0,0.0014349400003084156,1781386819.7658725,1781386819.8378167,0.031622776601652414,20.621479511260986,1
L2,0,0.01875262900011876,0.006190796999817394,0.0,0.0015158779997364036,1781386825.028994,1781386825.0477483,0.03162277660165239,0.17415142059326172,1
L2,1,0.016780986999947345,0.003833498999938456,0.0,0.0014238580001801893,1781386825.1933234,1781386825.2101066,0.03162277660165169,0.33650970458984375,1
L2,2,0.016695126999820786,0.004300550000152725,0.0,0.001408292000178335,1781386825.340299,1781386825.356996,0.031622776601652275,0.4833991527557373,1
L2,3,0.016024997999920743,0.003702402999806509,0.0,0.0013790299999527633,1781386825.486363,1781386825.5023897,0.031622776601652136,0.6287927627563477,1
L2,4,0.016996449000089342,0.0041662189996714005,0.0,0.0013586380000560894,1781386825.6348047,1781386825.6518033,0.03162277660165262,0.7782063484191895,1
L2,5,0.01603214900023886,0.0036927709998053615,0.0,0.0013580800000454474,1781386825.7817507,1781386825.7977848,0.031622776601652164,0.9241878986358643,1
L2,6,0.01603338499990059,0.003710740999849804,0.0,0.0013265110001157154,1781386825.928002,1781386825.9440372,0.031622776601652094,1.0704402923583984,1
L2,7,0.015889356999650772,0.0036783340001420584,0.0,0.0013564570003836707,1781386826.0748332,1781386826.0907245,0.031622776601652365,1.2171275615692139,1
L2,8,0.016048898000008194,0.003702681000049779,0.0,0.001347726999938459,1781386826.2195837,1781386826.2356348,0.03162277660165214,1.3620378971099854,1
L2,9,0.016036026000165293,0.0037163959996178164,0.0,0.001371593999920151,1781386826.3658714,1781386826.3819091,0.03162277660165214,1.5083122253417969,1
L2,10,0.016080888999567833,0.0037312700001166377,0.0,0.0013494969998646411,1781386826.513396,1781386826.5294793,0.03162277660165213,1.6558823585510254,1
L2,11,0.016101608000099077,0.0038001180000719614,0.0,0.0013545120000344468,1781386826.6615918,1781386826.6776955,0.03162277660165203,1.8040986061096191,1
L2,12,0.017112654999891674,0.0047320260000560666,0.0,0.0013689810002688318,1781386826.8083436,1781386826.8254585,0.031622776601652004,1.9518616199493408,1
L2,13,0.015994053999747848,0.0037178920001679217,0.0,0.001374751000184915,1781386826.9541852,1781386826.9701817,0.03162277660165259,2.0965847969055176,1
L2,14,0.016046229000039602,0.0037294939997991605,0.0,0.001363006000246969,1781386827.1004946,1781386827.116542,0.03162277660165214,2.2429451942443848,1
L2,15,0.015960666999944806,0.0037025239998911275,0.0,0.0013390780000008817,1781386827.2456615,1781386827.2616243,0.03162277660165201,2.3880274295806885,1
L2,16,0.01598321500023303,0.0036998420000600163,0.0,0.001350056000319455,1781386827.390792,1781386827.4067771,0.03162277660165162,2.5331802368164062,1
L2,17,0.016693185999884008,0.004159071000231052,0.0,0.0013933969999015972,1781386827.5378652,1781386827.5545604,0.03162277660165256,2.6809635162353516,1
L2,18,0.01605334700025196,0.0037052220000077796,0.0,0.0013670789999196131,1781386827.6840384,1781386827.7000935,0.031622776601652115,2.8264966011047363,1
L2,19,0.0161764059998859,0.003766925000036281,0.0,0.0013885499997741135,1781386827.8323963,1781386827.8485744,0.03162277660165225,2.974977493286133,1
L2,20,0.016021099999761645,0.0037526539999817032,0.0,0.001331618000222079,1781386827.9791775,1781386827.9952004,0.031622776601651956,3.121603488922119,1
L2,21,0.015954968000187364,0.0037580389998765895,0.0,0.0013729590000366443,1781386828.1253145,1781386828.141272,0.03162277660165212,3.2676751613616943,1
L2,22,0.016626128000098106,0.004201057000045694,0.0,0.001427010000043083,1781386828.2703803,1781386828.2870085,0.03162277660165202,3.4134116172790527,1
L2,23,0.016522097999768448,0.004195589000119071,0.0,0.0013674709998667822,1781386828.41778,1781386828.434304,0.03162277660165221,3.5607070922851562,1
L2,24,0.016160882999884052,0.003806055000040942,0.0,0.0013528469999073423,1781386828.5658832,1781386828.5820458,0.031622776601652317,3.708448886871338,1
L2,25,0.016175128999748267,0.003816333000031591,0.0,0.0013886700003240549,1781386828.7127736,1781386828.7289507,0.031622776601652226,3.855353832244873,1
L2,26,0.016438550000202667,0.003799399999934394,0.0,0.001411857999755739,1781386828.8593237,1781386828.8757641,0.03162277660165183,4.002167224884033,1
L2,27,0.01608296499989592,0.0037811550000697025,0.0,0.001365900000109832,1781386829.0059888,1781386829.0220742,0.031622776601652205,4.14847731590271,1
L2,28,0.016080060000149388,0.003798332999849663,0.0,0.001376394000089931,1781386829.1528633,1781386829.1689453,0.03162277660165196,4.295348405838013,1
L2,29,0.016507454000020516,0.004187156000170944,0.0,0.0013619879996440432,1781386829.299416,1781386829.3159254,0.03162277660165266,4.442328453063965,1
L2,30,0.01595855000005031,0.003746039000361634,0.0,0.0013500569998541323,1781386829.4454405,1781386829.4614005,0.031622776601652115,4.587803602218628,1
L2,31,0.015968611000062083,0.003707876000135002,0.0,0.0013665779997609206,1781386829.5900645,1781386829.6060352,0.03162277660165247,4.732438325881958,1
L2,32,0.01728581999987,0.004717014999641833,0.0,0.0013387700000748737,1781386829.7388797,1781386829.7561677,0.031622776601651977,4.882570743560791,1
L2,33,0.016004613999939465,0.0036997420002080617,0.0,0.0013593590001619305,1781386829.8866572,1781386829.902664,0.0316227766016524,5.029067039489746,1
L2,34,0.01604717400005029,0.003715760999966733,0.0,0.0013635700001941586,1781386830.0332644,1781386830.0493135,0.03162277660165211,5.1757166385650635,1
L2,35,0.01593552499980433,0.0036470750001171837,0.0,0.0013296960000843683,1781386830.1790178,1781386830.194955,0.03162277660165204,5.3213582038879395,1
L2,36,0.017515597000056005,0.0050592749998941144,0.0,0.0013554480001403135,1781386830.3262172,1781386830.343735,0.03162277660165226,5.470138072967529,1
L2,37,0.016044016999785526,0.0037525279999499617,0.0,0.0013444060000438185,1781386830.4753942,1781386830.49144,0.031622776601652004,5.617843151092529,1
L2,38,0.018726123999840638,0.005655769999975746,0.0,0.0013975229999232397,1781386830.6255076,1781386830.6442354,0.031622776601652164,5.770638465881348,1
L2,39,0.016019566000068153,0.0037645859997610387,0.0,0.001323693999893294,1781386830.7722182,1781386830.7882397,0.03162277660165194,5.914642810821533,1
L2,40,0.015870120999807114,0.0036455389999900945,0.0,0.0013540620002459036,1781386830.9159205,1781386830.9317927,0.03162277660165227,6.0581958293914795,1
L2,41,0.017980212999646028,0.004780033000315598,0.0,0.001386652000292088,1781386831.065811,1781386831.0837932,0.03162277660165202,6.210196256637573,1
L2,42,0.01666429600027186,0.00407552599972405,0.0,0.0014025119999132585,1781386831.216099,1781386831.2327654,0.0316227766016521,6.359168529510498,1
L2,43,0.016071909999936906,0.0037128549997760274,0.0,0.0013761300001533527,1781386831.3674967,1781386831.3835707,0.03162277660165232,6.509973764419556,1
L2,44,0.01777658299988616,0.003968239999721845,0.0,0.0013765790004072187,1781386831.5183055,1781386831.536084,0.03162277660165214,6.662487030029297,1
L2,45,0.016718858999865915,0.00372828900026434,0.0,0.0013882830003240088,1781386831.6705136,1781386831.6872342,0.03162277660165209,6.8136372566223145,1
L2,46,0.016080378999959066,0.0036619309998968674,0.0,0.0013625629999296507,1781386831.8183777,1781386831.83446,0.03162277660165256,6.96086311340332,1
L2,47,0.018117188999895006,0.004232642000260967,0.0,0.0013867719999325345,1781386831.9718204,1781386831.98994,0.03162277660165203,7.116343021392822,1
L2,48,0.016351494999980787,0.004159340000114753,0.0,0.001362280000194005,1781386832.124143,1781386832.140496,0.031622776601651865,7.266899108886719,1
L2,49,0.01895175899971946,0.004373794999992242,0.0,0.0015030780000415689,1781386832.271616,1781386832.29057,0.03162277660165208,7.416973114013672,1
L2,50,0.01686938700004248,0.003867829999762762,0.0,0.0013630560001729464,1781386832.4270353,1781386832.4439068,0.03162277660165232,7.57030987739563,1
L2,51,0.017132937000042148,0.004211942999972962,0.0,0.0013807139998789353,1781386832.5780592,1781386832.595194,0.03162277660165224,7.721597194671631,1
L2,52,0.01675182799999675,0.003765765000025567,0.0,0.0015128710001590662,1781386832.7286658,1781386832.7454195,0.03162277660165202,7.8718225955963135,1
L2,53,0.016489766000177042,0.003694175999953586,0.0,0.0014428409999709402,1781386832.8778205,1781386832.8943121,0.03162277660165236,8.020715236663818,1
L2,54,0.017060341999695083,0.004156039999998029,0.0,0.0013929880001342099,1781386833.0268452,1781386833.0439076,0.031622776601652434,8.170310735702515,1
L2,55,0.016488534000018262,0.0036972580001020106,0.0,0.001426432000243949,1781386833.1767113,1781386833.1932018,0.03162277660165237,8.319604873657227,1
L2,56,0.016463785000269127,0.00372115699974529,0.0,0.0014079010002205905,1781386833.325996,1781386833.3424613,0.03162277660165218,8.468864440917969,1
L2,57,0.017035589999977674,0.004126710000036837,0.0,0.0014137000002847344,1781386833.4747941,1781386833.4918315,0.03162277660165218,8.618234634399414,1
L2,58,0.01655386799984626,0.0037053409996588016,0.0,0.0014724129996466218,1781386833.6251574,1781386833.641713,0.03162277660165203,8.768115997314453,1
L2,59,0.016419256000062887,0.0036612620001506,0.0,0.001435587999822019,1781386833.7739294,1781386833.7903504,0.03162277660165209,8.91675353050232,1
L2,60,0.017964846000268153,0.0038863069999024447,0.0,0.0014701769996463554,1781386833.923128,1781386833.9410946,0.031622776601652,9.067497730255127,1
L2,61,0.01664243899995199,0.0037943469997117063,0.0,0.0013841180002600595,1781386834.0769837,1781386834.0936282,0.03162277660165202,9.220031261444092,1
L2,62,0.017828890000146203,0.0042790739998963545,0.0,0.0014215480000530079,1781386834.2267067,1781386834.2445374,0.03162277660165239,9.370940446853638,1
L2,63,0.016576900000018213,0.0038130689999889,0.0,0.0014137289999780478,1781386834.3782425,1781386834.3948216,0.03162277660165232,9.521224737167358,1
L2,64,0.01712964300031672,0.003810545999840542,0.0,0.0013854159997208626,1781386834.530242,1781386834.5473738,0.03162277660165211,9.673776865005493,1
L2,65,0.016572434999943653,0.0037838469997950597,0.0,0.0013933370000813738,1781386834.681509,1781386834.6980839,0.031622776601652365,9.82448697090149,1
L2,66,0.01667521300032604,0.003800689999934548,0.0,0.0014032890003363718,1781386834.8324869,1781386834.8491638,0.03162277660165204,9.975566864013672,1
L2,67,0.016692642999714735,0.003795291000187717,0.0,0.00141097699997772,1781386834.984548,1781386835.0012429,0.03162277660165221,10.12764596939087,1
L2,68,0.016525953999916965,0.003757061999749567,0.0,0.0013969960000395076,1781386835.1358924,1781386835.1524208,0.03162277660165235,10.278823852539062,1
L2,69,0.01809046100015621,0.0037460450002981815,0.0,0.0015292690000023867,1781386835.286075,1781386835.3041675,0.031622776601652185,10.430570602416992,1
L2,70,0.017118420000315382,0.004216028999962873,0.0,0.0014308200002233207,1781386835.4407077,1781386835.457828,0.03162277660165205,10.58423113822937,1
L2,71,0.016948859999956767,0.004178726999725768,0.0,0.0013855269999112352,1781386835.5904207,1781386835.6073716,0.03162277660165213,10.733774662017822,1
L2,72,0.016001648000383284,0.00377837099995304,0.0,0.0013553739995586511,1781386835.738797,1781386835.7548003,0.031622776601652317,10.881203413009644,1
L2,73,0.01598014000001058,0.003723423999872466,0.0,0.0013292819999151106,1781386835.8839002,1781386835.8998823,0.03162277660165245,11.026285409927368,1
L2,74,0.015991605000181153,0.0036899679998896318,0.0,0.0013929189999544178,1781386836.0300581,1781386836.0460527,0.03162277660165237,11.172455787658691,1
L2,75,0.015824171000076603,0.003629896999882476,0.0,0.0013850390000698098,1781386836.1752021,1781386836.1910286,0.03162277660165255,11.317431688308716,1
L2,76,0.017429775999971753,0.0037504810002246813,0.0,0.0014159090001157892,1781386836.321592,1781386836.3390236,0.031622776601651914,11.465426683425903,1
L2,77,0.015972607999628963,0.003734536999672855,0.0,0.0013667200000782032,1781386836.4698436,1781386836.4858181,0.03162277660165256,11.612221240997314,1
L2,78,0.0160877650000657,0.0037084089999552816,0.0,0.0013536699998439872,1781386836.614512,1781386836.6306012,0.03162277660165201,11.757004261016846,1
L2,79,0.01585822500010181,0.003650018999906024,0.0,0.0013366080002015224,1781386836.759675,1781386836.7755353,0.031622776601652185,11.901938438415527,1
L2,80,0.015970720000041183,0.0037490620002245123,0.0,0.0013482629997270124,1781386836.9055526,1781386836.9215252,0.03162277660165191,12.04792833328247,1
L2,81,0.015864440000314062,0.0037052779998703045,0.0,0.0013557229999605624,1781386837.0503595,1781386837.066226,0.03162277660165228,12.192629098892212,1
L2,82,0.016357822999907512,0.004114880000088306,0.0,0.001346158000160358,1781386837.1953166,1781386837.2116761,0.03162277660165166,12.33807921409607,1
L2,83,0.016608822999842232,0.004168899000433157,0.0,0.001389334000123199,1781386837.341454,1781386837.358065,0.03162277660165222,12.48446798324585,1
L2,84,0.015962728999966203,0.0037469839999175747,0.0,0.0013682100002370134,1781386837.4867373,1781386837.5027015,0.03162277660165221,12.629104614257812,1
L2,85,0.016403735000039887,0.004139420999763388,0.0,0.0013372620001064206,1781386837.631431,1781386837.647837,0.03162277660165259,12.774240016937256,1
L2,86,0.01600591299984444,0.0037441299996316957,0.0,0.001374980000036885,1781386837.7769306,1781386837.7929382,0.03162277660165267,12.919341325759888,1
L2,87,0.015967244999956165,0.0037217359999885957,0.0,0.0013661070001944609,1781386837.9215803,1781386837.9375494,0.03162277660165226,13.063952445983887,1
L2,88,0.0165849889999663,0.004140607999943313,0.0,0.0013530500000342727,1781386838.0670667,1781386838.0836532,0.03162277660165186,13.21005630493164,1
L2,89,0.01646108299974003,0.004137693999837211,0.0,0.0013749160002589633,1781386838.212702,1781386838.229165,0.03162277660165219,13.355568170547485,1
L2,90,0.016063567999935913,0.0037502380000660196,0.0,0.0013501640000868065,1781386838.3593507,1781386838.3754163,0.031622776601652365,13.501819372177124,1
L2,91,0.0164605439999832,0.004170191999946837,0.0,0.0013556569997490442,1781386838.5058403,1781386838.5223024,0.03162277660165197,13.64870548248291,1
L2,92,0.01628764900033275,0.0037098820002938737,0.0,0.0013710770003854122,1781386838.6508622,1781386838.6671522,0.03162277660165211,13.79355525970459,1
L2,93,0.01645024400022521,0.0037739879999207915,0.0,0.0013614299996334012,1781386838.7967486,1781386838.8132012,0.03162277660165246,13.93960428237915,1
L2,94,0.016334564999851864,0.004081284999756463,0.0,0.001359998999760137,1781386838.9418821,1781386838.9582188,0.03162277660165221,14.084621906280518,1
L2,95,0.015814820000287,0.003627358999892749,0.0,0.0013577899999290821,1781386839.0859673,1781386839.1017835,0.03162277660165204,14.22818660736084,1
L2,96,0.015814087000308064,0.0036862490001112747,0.0,0.001361323999844899,1781386839.2305267,1781386839.2463427,0.03162277660165222,14.372745752334595,1
L2,97,0.01597869100032767,0.0037460600001395505,0.0,0.00135701599992899,1781386839.3749733,1781386839.3909535,0.031622776601652205,14.517356634140015,1
L2,98,0.015991159999884985,0.0036341989998618374,0.0,0.0013329899998097972,1781386839.5201817,1781386839.5361745,0.03162277660165241,14.662577629089355,1
L2,99,0.015837595999983023,0.003639137999925879,0.0,0.0013656449996233277,1781386839.6650531,1781386839.680893,0.031622776601652414,14.80729603767395,1
L3,0,0.035121261999847775,0.0,0.0,0.007296184000097128,1781386845.7998774,1781386845.8350008,0.03162277660165239,0.11865115165710449,1
L3,1,0.0036016570002175285,0.0,0.0,0.0013668410001628217,1781386845.892738,1781386845.8963413,0.03162277660165169,0.1799917221069336,1
L3,2,0.003384236999863788,0.0,0.0,0.0012925309997626755,1781386845.9420395,1781386845.9454255,0.031622776601652275,0.22907590866088867,1
L3,3,0.0033550210000612424,0.0,0.0,0.0012682179999501386,1781386845.990885,1781386845.9942415,0.031622776601652136,0.2778918743133545,1
L3,4,0.0034013110002888425,0.0,0.0,0.0013007089996790455,1781386846.039514,1781386846.042917,0.03162277660165262,0.3265674114227295,1
L3,5,0.003328824000163877,0.0,0.0,0.0012481439998737187,1781386846.0883248,1781386846.0916553,0.031622776601652164,0.3753056526184082,1
L3,6,0.003371601999788254,0.0,0.0,0.0012760629997501383,1781386846.1372116,1781386846.1405847,0.031622776601652094,0.42423510551452637,1
L3,7,0.003380849000222952,0.0,0.0,0.001319489999787038,1781386846.1858985,1781386846.1892807,0.031622776601652365,0.4729311466217041,1
L3,8,0.003479658999822277,0.0,0.0,0.0013168400000722613,1781386846.234516,1781386846.2379973,0.03162277660165214,0.5216476917266846,1
L3,9,0.0040117100002134976,0.0,0.0,0.0014684040002066467,1781386846.2859187,1781386846.2899323,0.03162277660165214,0.573582649230957,1
L3,10,0.0034910459999082377,0.0,0.0,0.0013133710003785382,1781386846.3365824,1781386846.340075,0.03162277660165213,0.623725414276123,1
L3,11,0.0036274960002629086,0.0,0.0,0.0014132119999885617,1781386846.3859818,1781386846.3896108,0.03162277660165203,0.6732611656188965,1
L3,12,0.003443890000198735,0.0,0.0,0.0013024159998167306,1781386846.4353762,1781386846.4388218,0.031622776601652004,0.7224721908569336,1
L3,13,0.0034050089998345356,0.0,0.0,0.0012682329997915076,1781386846.4844303,1781386846.487837,0.03162277660165259,0.7714874744415283,1
L3,14,0.00343474100009189,0.0,0.0,0.0013087059996905737,1781386846.533577,1781386846.5370133,0.03162277660165214,0.8206636905670166,1
L3,15,0.0033372530001543055,0.0,0.0,0.0012865389999205945,1781386846.582264,1781386846.5856032,0.03162277660165201,0.8692536354064941,1
L3,16,0.003443715999765118,0.0,0.0,0.0012932729996464332,1781386846.630994,1781386846.6344397,0.03162277660165162,0.9180901050567627,1
L3,17,0.0033928670000022976,0.0,0.0,0.0013172979997762013,1781386846.6798835,1781386846.6832783,0.03162277660165256,0.9669287204742432,1
L3,18,0.003429939999932685,0.0,0.0,0.0013115669999024249,1781386846.7291138,1781386846.7325459,0.031622776601652115,1.0161962509155273,1
L3,19,0.0033065769998756878,0.0,0.0,0.0012707200003205799,1781386846.7777321,1781386846.7810404,0.03162277660165225,1.0646908283233643,1
L3,20,0.003511722999974154,0.0,0.0,0.001352034999854368,1781386846.8270292,1781386846.8305428,0.031622776601651956,1.1141932010650635,1
L3,21,0.0035168859999430424,0.0,0.0,0.00132556599965028,1781386846.8762152,1781386846.879734,0.03162277660165212,1.1633844375610352,1
L3,22,0.003784951999932673,0.0,0.0,0.0014253879999159835,1781386846.92623,1781386846.9300168,0.03162277660165202,1.2136671543121338,1
L3,23,0.0035638300000755407,0.0,0.0,0.0013513940002667368,1781386846.976391,1781386846.9799566,0.03162277660165221,1.2636070251464844,1
L3,24,0.0036101840000810625,0.0,0.0,0.0013719930002480396,1781386847.0258405,1781386847.0294528,0.031622776601652317,1.313103199005127,1
L3,25,0.0035515859999577515,0.0,0.0,0.0013666679997186293,1781386847.0753286,1781386847.078882,0.031622776601652226,1.362532377243042,1
L3,26,0.0037435979998008406,0.0,0.0,0.0014858439999443362,1781386847.125258,1781386847.1290033,0.03162277660165183,1.4126536846160889,1
L3,27,0.003539115999956266,0.0,0.0,0.0013521750001928012,1781386847.1751523,1781386847.1786933,0.031622776601652205,1.462343692779541,1
L3,28,0.0036823099999310216,0.0,0.0,0.0013911030000599567,1781386847.2247086,1781386847.2283926,0.03162277660165196,1.5120429992675781,1
L3,29,0.0036340490000839054,0.0,0.0,0.001398074999997334,1781386847.274334,1781386847.2779696,0.03162277660165266,1.5616199970245361,1
L3,30,0.0036569619996953406,0.0,0.0,0.001424354999926436,1781386847.324825,1781386847.3284836,0.031622776601652115,1.6121339797973633,1
L3,31,0.003505940000195551,0.0,0.0,0.0013442280001072504,1781386847.3743572,1781386847.377865,0.03162277660165247,1.661515474319458,1
L3,32,0.0034927049996440473,0.0,0.0,0.0013343050000003132,1781386847.424013,1781386847.4275074,0.031622776601651977,1.7111577987670898,1
L3,33,0.003707931999997527,0.0,0.0,0.0014265350000641774,1781386847.4730403,1781386847.4767501,0.0316227766016524,1.7604005336761475,1
L3,34,0.00368590200014296,0.0,0.0,0.0014212129999577883,1781386847.5233498,1781386847.5270376,0.03162277660165211,1.8106880187988281,1
L3,35,0.0037232449999464734,0.0,0.0,0.0014356889996633981,1781386847.5732286,1781386847.5769541,0.03162277660165204,1.8606045246124268,1
L3,36,0.0037117140000191284,0.0,0.0,0.00141546799977732,1781386847.6236603,1781386847.627374,0.03162277660165226,1.9110243320465088,1
L3,37,0.0036297659999036114,0.0,0.0,0.0014147179999781656,1781386847.673942,1781386847.6775737,0.031622776601652004,1.96122407913208,1
L3,38,0.003619205999711994,0.0,0.0,0.001385041000048659,1781386847.7233737,1781386847.7269948,0.031622776601652164,2.0106451511383057,1
L3,39,0.0036947969997527252,0.0,0.0,0.0014387420001185092,1781386847.7738173,1781386847.777514,0.03162277660165194,2.061164379119873,1
L3,40,0.0037298950001058984,0.0,0.0,0.0014314739996734716,1781386847.8251362,1781386847.8288677,0.03162277660165227,2.112518072128296,1
L3,41,0.0035633229999803007,0.0,0.0,0.0013676950002263766,1781386847.8749492,1781386847.8785145,0.03162277660165202,2.1621649265289307,1
L3,42,0.0036996480002926546,0.0,0.0,0.0014289760001702234,1781386847.9254382,1781386847.9291399,0.0316227766016521,2.2127902507781982,1
L3,43,0.003424386999995477,0.0,0.0,0.0013079610002932895,1781386847.9751275,1781386847.9785538,0.03162277660165232,2.262204170227051,1
L3,44,0.0034126890000152343,0.0,0.0,0.0013159790000827343,1781386848.0236752,1781386848.0270894,0.03162277660165214,2.310739755630493,1
L3,45,0.0033202720001099806,0.0,0.0,0.0012485140000535466,1781386848.0725522,1781386848.0758739,0.03162277660165209,2.3595242500305176,1
L3,46,0.0037517490000027465,0.0,0.0,0.00145432899989828,1781386848.1227126,1781386848.1264658,0.03162277660165256,2.410116195678711,1
L3,47,0.003627029999734077,0.0,0.0,0.0013846219999322784,1781386848.172586,1781386848.1762145,0.03162277660165203,2.459864854812622,1
L3,48,0.0035414079998190573,0.0,0.0,0.0013788080000267655,1781386848.2220457,1781386848.225589,0.031622776601651865,2.509239435195923,1
L3,49,0.00356636200012872,0.0,0.0,0.0013686570000572829,1781386848.271342,1781386848.27491,0.03162277660165208,2.558560371398926,1
L3,50,0.0034842879999814613,0.0,0.0,0.0013342649999685818,1781386848.320891,1781386848.324377,0.03162277660165232,2.608027458190918,1
L3,51,0.003758768999887252,0.0,0.0,0.001448717000130273,1781386848.3703785,1781386848.3741388,0.03162277660165224,2.6577892303466797,1
L3,52,0.003604501000154414,0.0,0.0,0.0013724199998250697,1781386848.4200945,1781386848.423701,0.03162277660165202,2.7073514461517334,1
L3,53,0.003501404999951774,0.0,0.0,0.001360181999643828,1781386848.4694204,1781386848.4729238,0.03162277660165236,2.7565741539001465,1
L3,54,0.0033465540000179317,0.0,0.0,0.0013068220000604924,1781386848.5180125,1781386848.5213606,0.031622776601652434,2.805011034011841,1
L3,55,0.003366406999703031,0.0,0.0,0.001285291999920446,1781386848.566714,1781386848.570082,0.03162277660165237,2.8537323474884033,1
L3,56,0.003362766999998712,0.0,0.0,0.0012682670003414387,1781386848.6152334,1781386848.6185982,0.03162277660165218,2.9022486209869385,1
L3,57,0.003427664999890112,0.0,0.0,0.0013125830000717542,1781386848.6644163,1781386848.667846,0.03162277660165218,2.9514963626861572,1
L3,58,0.003443822999997792,0.0,0.0,0.001302775000112888,1781386848.7144945,1781386848.7179396,0.03162277660165203,3.0015900135040283,1
L3,59,0.0033456629998909193,0.0,0.0,0.001275690000056784,1781386848.7633085,1781386848.7666557,0.03162277660165209,3.0503060817718506,1
L3,60,0.003450743000030343,0.0,0.0,0.001270269999622542,1781386848.8123267,1781386848.8157792,0.031622776601652,3.0994296073913574,1
L3,61,0.0034203719997094595,0.0,0.0,0.0013165609998395666,1781386848.8611362,1781386848.864558,0.03162277660165202,3.1482083797454834,1
L3,62,0.003358360000220273,0.0,0.0,0.0013134900000295602,1781386848.9097683,1781386848.9131284,0.03162277660165239,3.1967787742614746,1
L3,63,0.003508307000174682,0.0,0.0,0.0013616439996440022,1781386848.9584374,1781386848.9619477,0.03162277660165232,3.245598077774048,1
L3,64,0.0033665969999674417,0.0,0.0,0.0012891739997940022,1781386849.0074322,1781386849.0108006,0.03162277660165211,3.2944509983062744,1
L3,65,0.003376666999884037,0.0,0.0,0.0012757500003317546,1781386849.0557988,1781386849.059177,0.031622776601652365,3.342827320098877,1
L3,66,0.003368445999967662,0.0,0.0,0.0012881110001217166,1781386849.1044476,1781386849.1078176,0.03162277660165204,3.391468048095703,1
L3,67,0.0033916170000338752,0.0,0.0,0.001283858000078908,1781386849.1530035,1781386849.1563969,0.03162277660165221,3.440047264099121,1
L3,68,0.003372969999873021,0.0,0.0,0.0013088030000290019,1781386849.2018957,1781386849.2052705,0.03162277660165235,3.4889209270477295,1
L3,69,0.0033896940003614873,0.0,0.0,0.0012855690001742914,1781386849.250409,1781386849.2538002,0.031622776601652185,3.5374505519866943,1
L3,70,0.004760686999816244,0.0,0.0,0.0014268810000430676,1781386849.299848,1781386849.304611,0.03162277660165205,3.588261365890503,1
L3,71,0.003641006000179914,0.0,0.0,0.0014024160000190022,1781386849.3507123,1781386849.3543549,0.03162277660165213,3.638005256652832,1
L3,72,0.0037900060001447855,0.0,0.0,0.0014593700002478727,1781386849.4005637,1781386849.4043555,0.031622776601652317,3.6880059242248535,1
L3,73,0.003532689000167011,0.0,0.0,0.0013461309999911464,1781386849.4504817,1781386849.4540164,0.03162277660165245,3.7376668453216553,1
L3,74,0.003609192000112671,0.0,0.0,0.0013939659997959097,1781386849.499457,1781386849.503068,0.03162277660165237,3.7867183685302734,1
L3,75,0.003688639999836596,0.0,0.0,0.0014313840001705103,1781386849.549318,1781386849.5530086,0.03162277660165255,3.8366589546203613,1
L3,76,0.003707328000018606,0.0,0.0,0.001411439999628783,1781386849.5995893,1781386849.603299,0.031622776601651914,3.886949300765991,1
L3,77,0.0036028650001753704,0.0,0.0,0.0013945770001555502,1781386849.6500547,1781386849.6536589,0.03162277660165256,3.9373092651367188,1
L3,78,0.003374673000053008,0.0,0.0,0.0012801439997929265,1781386849.6995573,1781386849.7029338,0.03162277660165201,3.986584186553955,1
L3,79,0.0033901060000971484,0.0,0.0,0.0012733930002468696,1781386849.7481806,1781386849.7515728,0.031622776601652185,4.0352232456207275,1
L3,80,0.00342501600016476,0.0,0.0,0.0013203879998400225,1781386849.797592,1781386849.801019,0.03162277660165191,4.084669351577759,1
L3,81,0.003355069999997795,0.0,0.0,0.001324549999935698,1781386849.846039,1781386849.8493958,0.03162277660165228,4.1330461502075195,1
L3,82,0.0033802739999373443,0.0,0.0,0.0013056950001555379,1781386849.894613,1781386849.8979948,0.03162277660165166,4.181645154953003,1
L3,83,0.003621261999796843,0.0,0.0,0.0013826940003127675,1781386849.9448862,1781386849.9485095,0.03162277660165222,4.232159852981567,1
L3,84,0.0034271879999323573,0.0,0.0,0.0013297659997988376,1781386849.9942296,1781386849.9976583,0.03162277660165221,4.281308650970459,1
L3,85,0.003496757999982947,0.0,0.0,0.0013484209998750885,1781386850.0431366,1781386850.046635,0.03162277660165259,4.330285310745239,1
L3,86,0.0034211400002277514,0.0,0.0,0.0012967220000064117,1781386850.092343,1781386850.095766,0.03162277660165267,4.379416465759277,1
L3,87,0.0035342659998605086,0.0,0.0,0.0013746300001002965,1781386850.1412544,1781386850.1447904,0.03162277660165226,4.428440809249878,1
L3,88,0.00342294399979437,0.0,0.0,0.001319366000188893,1781386850.1904445,1781386850.1938696,0.03162277660165186,4.477519989013672,1
L3,89,0.0034353330001977156,0.0,0.0,0.0013182419997974648,1781386850.2391298,1781386850.2425668,0.03162277660165219,4.526217222213745,1
L3,90,0.0034187090000159515,0.0,0.0,0.0012782080002580187,1781386850.2881918,1781386850.291612,0.031622776601652365,4.5752623081207275,1
L3,91,0.003551940999841463,0.0,0.0,0.0013655860002472764,1781386850.3370922,1781386850.3406458,0.03162277660165197,4.624296188354492,1
L3,92,0.0035870449996764364,0.0,0.0,0.001392915999986144,1781386850.3866065,1781386850.390195,0.03162277660165211,4.673845291137695,1
L3,93,0.003429167999911442,0.0,0.0,0.0012993079999432666,1781386850.4357677,1781386850.4391983,0.03162277660165246,4.722848653793335,1
L3,94,0.0033656219998192682,0.0,0.0,0.0012894719998257642,1781386850.484777,1781386850.4881444,0.03162277660165221,4.77179479598999,1
L3,95,0.003559088000201882,0.0,0.0,0.0013291539999045199,1781386850.534736,1781386850.5382962,0.03162277660165204,4.821946620941162,1
L3,96,0.003420742999878712,0.0,0.0,0.0013017340002079436,1781386850.584399,1781386850.5878215,0.03162277660165222,4.871471881866455,1
L3,97,0.003448054999807937,0.0,0.0,0.0013176550000935094,1781386850.633266,1781386850.6367161,0.031622776601652205,4.920366525650024,1
L3,98,0.0034164420003435225,0.0,0.0,0.0012764240000251448,1781386850.6822207,1781386850.685639,0.03162277660165241,4.969289302825928,1
L3,99,0.0034215589998893847,0.0,0.0,0.0012988949997634336,1781386850.7312307,1781386850.7346542,0.031622776601652414,5.0183045864105225,1
L1,0,0.21336215000019365,0.061727241999960825,0.0,0.14046114699976897,1781386855.9789588,1781386856.1923227,0.03162277660165239,0.43597865104675293,2
L1,1,0.1946914730001481,0.06316179900022689,0.0,0.12052159999984724,1781386855.973641,1781386856.168335,0.03162277660165169,0.4119908809661865,2
L1,2,0.08515149400000155,0.07269669600009365,0.0,0.0014477589998023177,1781386856.3671322,1781386856.452286,0.031622776601652275,0.6959419250488281,2
L1,3,0.08311734200015053,0.07084073199985141,0.0,0.001524433000213321,1781386856.3960688,1781386856.4791882,0.031622776601652136,0.722844123840332,2
L1,4,0.18777569399981076,0.06038791199989646,0.0,0.11694846099999268,1781386856.6565297,1781386856.844308,0.03162277660165262,1.0879638195037842,2
L1,5,0.18972310000026482,0.06114969899999778,0.0,0.1181306050002604,1781386856.6745765,1781386856.8643012,0.031622776601652164,1.107957124710083,2
L1,6,0.1859215210001821,0.060269502000210196,0.0,0.11523422999971444,1781386857.0543792,1781386857.240303,0.031622776601652094,1.4839589595794678,2
L1,7,0.1919829500002379,0.05996456200000466,0.0,0.12189533100035987,1781386857.0563254,1781386857.248311,0.031622776601652365,1.491966962814331,2
L1,8,0.18173579699987386,0.060299696999663865,0.0,0.1108251770001516,1781386857.4465759,1781386857.628315,0.03162277660165214,1.8719708919525146,2
L1,9,0.1896744470000158,0.060062619999825984,0.0,0.11918662700009008,1781386857.4507627,1781386857.6404397,0.03162277660165214,1.8840956687927246,2
L1,10,0.19947099499995602,0.06062150599973393,0.0,0.12856300800012832,1781386857.8408377,1781386858.040311,0.03162277660165213,2.2839670181274414,2
L1,11,0.19090334700013045,0.06026044300006106,0.0,0.12019427299992458,1781386857.837398,1781386858.0283034,0.03162277660165203,2.2719593048095703,2
L1,12,0.18970975599995654,0.06013465500018356,0.0,0.11915981299989653,1781386858.2426107,1781386858.432322,0.031622776601652004,2.675977945327759,2
L1,13,0.1833409619998747,0.06013348999977097,0.0,0.11303469799986487,1781386858.2449646,1781386858.4283082,0.03162277660165259,2.671964168548584,2
L1,14,0.1977111880000848,0.06435706100000971,0.0,0.12285456100016745,1781386858.6345956,1781386858.8323095,0.03162277660165214,3.075965404510498,2
L1,15,0.19599761700010276,0.06718535900017741,0.0,0.11852165099980994,1781386858.640313,1781386858.836312,0.03162277660165201,3.079967975616455,2
L1,16,0.1900815449998845,0.06004963699979271,0.0,0.11944331699987742,1781386859.034249,1781386859.2243352,0.03162277660165162,3.4679911136627197,2
L1,17,0.1904046519998701,0.060437025999817706,0.0,0.11944869699982519,1781386859.0339253,1781386859.224335,0.03162277660165256,3.4679908752441406,2
L1,18,0.19791883699963364,0.0610549049997644,0.0,0.12596483500010436,1781386859.4303887,1781386859.6283104,0.031622776601652115,3.8719663619995117,2
L1,19,0.2024986460000946,0.06237579699973139,0.0,0.12972439299983307,1781386859.4378226,1781386859.640324,0.03162277660165225,3.8839800357818604,2
L1,20,0.093074328000057,0.0811371270001473,0.0,0.001434023999991041,1781386859.8110478,1781386859.9041235,0.031622776601651956,4.14777946472168,2
L1,21,0.08627095099973303,0.07429711199984013,0.0,0.001482411000324646,1781386859.8502939,1781386859.9365668,0.03162277660165212,4.180222749710083,2
L1,22,0.189159749999817,0.06029997999985426,0.0,0.11821897999971043,1781386860.111164,1781386860.3003266,0.03162277660165202,4.54398250579834,2
L1,23,0.1978899509999792,0.060336049999932584,0.0,0.12716474299986658,1781386860.1264253,1781386860.324318,0.03162277660165221,4.567973852157593,2
L1,24,0.11764557499964212,0.10555507399976705,0.0,0.001473844999964058,1781386860.4591303,1781386860.5767791,0.031622776601652317,4.820435047149658,2
L1,25,0.08168721199990614,0.06961721200013926,0.0,0.0015162990002863808,1781386860.5309198,1781386860.6126087,0.031622776601652226,4.856264591217041,2
L1,26,0.1904362929999479,0.06107252299989341,0.0,0.11876120399983847,1781386860.7818909,1781386860.9723303,0.03162277660165183,5.215986251831055,2
L1,27,0.18681900100000348,0.06068141200012178,0.0,0.11548401199979708,1781386860.8055203,1781386860.9923425,0.031622776601652205,5.2359983921051025,2
L1,28,0.10038855199991303,0.08856145500021739,0.0,0.0014395970001714886,1781386861.153224,1781386861.2536144,0.03162277660165196,5.497270345687866,2
L1,29,0.08481696399985594,0.07269726200001969,0.0,0.0014480370000455878,1781386861.2026162,1781386861.287435,0.03162277660165266,5.531090974807739,2
L1,30,0.19427812500043729,0.06021158599969567,0.0,0.12366600199993627,1781386861.4580212,1781386861.652301,0.031622776601652115,5.895956993103027,2
L1,31,0.18758512800013705,0.06048198300004515,0.0,0.11679055499962487,1781386861.476722,1781386861.6643102,0.03162277660165247,5.907966136932373,2
L1,32,0.19151646399996025,0.06008493799981807,0.0,0.12121595100006743,1781386861.8647847,1781386862.0563033,0.031622776601651977,6.299959182739258,2
L1,33,0.18638260700026876,0.0604348760002722,0.0,0.11530803599998762,1781386861.8619153,1781386862.0483003,0.0316227766016524,6.291956186294556,2
L1,34,0.1874925809997876,0.06028230799984158,0.0,0.11663913999973374,1781386862.248811,1781386862.4363067,0.03162277660165211,6.679962635040283,2
L1,35,0.19373336099988592,0.05989721299965822,0.0,0.12366377700027442,1781386862.2545817,1781386862.4483175,0.03162277660165204,6.691973447799683,2
L1,36,0.19466394799974296,0.06045182199977717,0.0,0.1231513470002028,1781386862.6376503,1781386862.8323164,0.03162277660165226,7.075972318649292,2
L1,37,0.1938524500001222,0.060092385999723774,0.0,0.12361837599974024,1781386862.650461,1781386862.844315,0.031622776601652004,7.087970972061157,2
L1,38,0.18808974100011255,0.06033510399993247,0.0,0.1173352089999753,1781386863.03222,1781386863.2203119,0.031622776601652164,7.463967800140381,2
L1,39,0.1951063320002504,0.05986819299960189,0.0,0.12517301399975622,1781386863.0412004,1781386863.2363079,0.03162277660165194,7.479963779449463,2
L1,40,0.08942459399986546,0.07738114599987966,0.0,0.001551839000057953,1781386863.403556,1781386863.492983,0.03162277660165227,7.736639022827148,2
L1,41,0.08127241700003651,0.06910375799998292,0.0,0.001456815999972605,1781386863.4385853,1781386863.51986,0.03162277660165202,7.763515949249268,2
L1,42,0.09532380899963755,0.08333798399962689,0.0,0.0014201349999893864,1781386863.674672,1781386863.7699978,0.0316227766016521,8.013653755187988,2
L1,43,0.08151789200019266,0.06852543300010439,0.0,0.0014917679995960498,1781386863.712643,1781386863.7941628,0.03162277660165232,8.037818670272827,2
L1,44,0.18982843599997068,0.060315413999887824,0.0,0.11910738899996431,1781386863.9704723,1781386864.1603036,0.03162277660165214,8.403959512710571,2
L1,45,0.20122612800014394,0.0600108779999573,0.0,0.13103827199984153,1781386863.9870791,1781386864.1883073,0.03162277660165209,8.431963205337524,2
L1,46,0.1017567520002558,0.08984431699991546,0.0,0.0014738509999006055,1781386864.335066,1781386864.4368253,0.03162277660165256,8.680481195449829,2
L1,47,0.08084134399996401,0.06903854299980594,0.0,0.00142447500002163,1781386864.386464,1781386864.4673073,0.03162277660165203,8.710963249206543,2
L1,48,0.19034174200032794,0.06054343399955542,0.0,0.11933498899998085,1781386864.637968,1781386864.8283129,0.031622776601651865,9.071968793869019,2
L1,49,0.19528926100019817,0.060903754999799276,0.0,0.12400961299999835,1781386864.6610096,1781386864.8563013,0.03162277660165208,9.09995722770691,2
L1,50,0.08902033999993364,0.07710599799975171,0.0,0.0014506510001410788,1781386865.019751,1781386865.108774,0.03162277660165232,9.352429866790771,2
L1,51,0.08515562100001262,0.07309700499990868,0.0,0.0014342939998641668,1781386865.0547855,1781386865.1399431,0.03162277660165224,9.383599042892456,2
L1,52,0.18686832599996706,0.06108839900025487,0.0,0.11518146099979276,1781386865.317442,1781386865.5043125,0.03162277660165202,9.747968435287476,2
L1,53,0.18611597900007837,0.05999597499976517,0.0,0.11593218799998795,1781386865.3301973,1781386865.516316,0.03162277660165236,9.759971857070923,2
L1,54,0.18743930799973896,0.06109325400029775,0.0,0.11529831699999704,1781386865.7048714,1781386865.892313,0.031622776601652434,10.135968923568726,2
L1,55,0.1858544649999203,0.06057679600007759,0.0,0.11513193800010413,1781386865.7144573,1781386865.9003139,0.03162277660165237,10.143969774246216,2
L1,56,0.18421928399993703,0.061141373999817006,0.0,0.11269514100013112,1781386866.0921063,1781386866.2763276,0.03162277660165218,10.519983530044556,2
L1,57,0.1905178980000528,0.06080886500012639,0.0,0.11945143900038602,1781386866.0978055,1781386866.2883265,0.03162277660165218,10.531982421875,2
L1,58,0.18640422099997522,0.060566774000108126,0.0,0.11532964000025459,1781386866.485911,1781386866.6723175,0.03162277660165203,10.915973424911499,2
L1,59,0.1923420910002278,0.060028422999948816,0.0,0.12203662899992196,1781386866.4879694,1781386866.6803143,0.03162277660165209,10.923970222473145,2
L1,60,0.07738171499977398,0.0652905560000363,0.0,0.0014830399995844346,1781386866.8722327,1781386866.9496167,0.031622776601652,11.193272590637207,2
L1,61,0.08122008999998798,0.06837570400011828,0.0,0.0014607369998884678,1781386866.8893867,1781386866.97061,0.03162277660165202,11.214265823364258,2
L1,62,0.1835722910000186,0.06112601199993151,0.0,0.1118709200000012,1781386867.152743,1781386867.336318,0.03162277660165239,11.579973936080933,2
L1,63,0.18817545100000643,0.06008747599980779,0.0,0.11751911499959533,1781386867.168133,1781386867.3563106,0.03162277660165232,11.599966526031494,2
L1,64,0.08826268799975878,0.07643090800002028,0.0,0.0014489179998236068,1781386867.5242393,1781386867.6125042,0.03162277660165211,11.856160163879395,2
L1,65,0.0811131249997743,0.06915605499989397,0.0,0.001443317999928695,1781386867.55474,1781386867.6358552,0.031622776601652365,11.87951111793518,2
L1,66,0.19082739499981471,0.06107406599994647,0.0,0.119164266000098,1781386867.8174925,1781386868.0083218,0.03162277660165204,12.251977682113647,2
L1,67,0.19688372899963724,0.060301976000118884,0.0,0.12588001899985102,1781386867.8354251,1781386868.032312,0.03162277660165221,12.275967836380005,2
L1,68,0.1085288499998569,0.09649996999996802,0.0,0.001434206999874732,1781386868.1716104,1781386868.280141,0.03162277660165235,12.523797035217285,2
L1,69,0.08638923599983173,0.07449589299994841,0.0,0.0014945129996704054,1781386868.231075,1781386868.3174663,0.031622776601652185,12.561122179031372,2
L1,70,0.10020472899986999,0.08832917900008397,0.0,0.0014486479999504809,1781386868.4644437,1781386868.5646505,0.03162277660165205,12.808306455612183,2
L1,71,0.081335726999896,0.06921237099959399,0.0,0.001475456999742164,1781386868.5095985,1781386868.590936,0.03162277660165213,12.83459186553955,2
L1,72,0.1919482519997473,0.060536290999607445,0.0,0.1209516789999725,1781386868.7643752,1781386868.956329,0.031622776601652317,13.199985027313232,2
L1,73,0.19450619100007316,0.060353807999945275,0.0,0.12384077100023205,1781386868.7818315,1781386868.9763403,0.03162277660165245,13.219996213912964,2
L1,74,0.098010596000222,0.0860744970000269,0.0,0.0014308920003713865,1781386869.1415448,1781386869.2395577,0.03162277660165237,13.483213663101196,2
L1,75,0.08223284599989711,0.07029291099979673,0.0,0.0014917290000084904,1781386869.1803076,1781386869.2625425,0.03162277660165255,13.506198406219482,2
L1,76,0.1841449189996638,0.0605065800000375,0.0,0.11319718999993711,1781386869.4562216,1781386869.6403685,0.031622776601651914,13.884024381637573,2
L1,77,0.1935593000002882,0.060414449000290915,0.0,0.12257068400003845,1781386869.4547584,1781386869.6483197,0.03162277660165256,13.89197564125061,2
L1,78,0.0817244509999,0.06980836899992937,0.0,0.0014829920000920538,1781386869.8629982,1781386869.9447248,0.03162277660165201,14.188380718231201,2
L1,79,0.09629900100026134,0.08446039899990865,0.0,0.001451909000024898,1781386869.788277,1781386869.8845778,0.031622776601652185,14.128233671188354,2
L1,80,0.19931503099996917,0.06900143500024569,0.0,0.1199931959999958,1781386870.0330012,1781386870.232319,0.03162277660165191,14.475975036621094,2
L1,81,0.1865288040003179,0.06061730199962767,0.0,0.11535532199968657,1781386870.189779,1781386870.3763094,0.03162277660165228,14.619965314865112,2
L1,82,0.18994719100010116,0.06036222100010491,0.0,0.11922086799995668,1781386870.43836,1781386870.6283104,0.03162277660165166,14.871966361999512,2
L1,83,0.17564926799968816,0.06040605399994092,0.0,0.10475055500000963,1781386870.5766637,1781386870.7523148,0.03162277660165222,14.995970726013184,2
L1,84,0.1910378809998292,0.06127006699989579,0.0,0.1192886400003772,1781386870.829271,1781386871.0203116,0.03162277660165221,15.263967514038086,2
L1,85,0.18117004999976416,0.060308787999929336,0.0,0.10259414499978448,1781386870.959142,1781386871.1403139,0.03162277660165259,15.383969783782959,2
L1,86,0.12570142100003068,0.07023545600031866,0.0,0.03631296799994743,1781386871.2157993,1781386871.3415039,0.03162277660165267,15.58515977859497,2
L1,87,0.10843891900003655,0.07986596799992185,0.0,0.009539297999708651,1781386871.372,1781386871.480441,0.03162277660165226,15.72409701347351,2
L1,88,0.07607641200002035,0.06406723200007036,0.0,0.0014870479999444797,1781386871.5139308,1781386871.5900097,0.03162277660165186,15.833665609359741,2
L1,89,0.1700318610000977,0.09735997400002816,0.0,0.04983012599996073,1781386871.6711419,1781386871.8411763,0.03162277660165219,16.084832191467285,2
L1,90,0.0915165070000512,0.07924404599998525,0.0,0.0014738450004188053,1781386871.8155227,1781386871.907041,0.031622776601652365,16.150696992874146,2
L1,91,0.19211304600003132,0.06341005100011898,0.0,0.11774176799963243,1781386872.0642002,1781386872.256316,0.03162277660165197,16.499971866607666,2
L1,92,0.19392645900006755,0.06092044099978011,0.0,0.12219396499995128,1781386872.102395,1781386872.2963243,0.03162277660165211,16.539980173110962,2
L1,93,0.12289356999963275,0.10935932400025195,0.0,0.001591510000253038,1781386872.443629,1781386872.5665247,0.03162277660165246,16.8101806640625,2
L1,94,0.08154619799961438,0.06180672600021353,0.0,0.0015081360002113797,1781386872.4981518,1781386872.5797005,0.03162277660165221,16.82335638999939,2
L1,95,0.1845948249997491,0.06072823999966204,0.0,0.11334510599999703,1781386872.7797487,1781386872.9643466,0.03162277660165204,17.20800256729126,2
L1,96,0.18896957500010103,0.06079467700010355,0.0,0.11769399000013436,1781386872.7833693,1781386872.9723408,0.03162277660165222,17.215996742248535,2
L1,97,0.20567051400030323,0.06088068600001861,0.0,0.1343466069997703,1781386873.162642,1781386873.3683152,0.031622776601652205,17.611971139907837,2
L1,98,0.1931122409996533,0.060474281999631785,0.0,0.12232802800008358,1781386873.1752098,1781386873.3683245,0.03162277660165241,17.611980438232422,2
L1,99,0.07247818400037431,0.06047449500010771,0.0,0.0014317860000119254,1781386873.5095608,1781386873.5820408,0.031622776601652414,17.82569670677185,2
L2,0,0.12880034399995566,0.003644940999947721,0.0,0.1140954839997903,1781386878.8395238,1781386878.9683263,0.03162277660165239,0.350705623626709,2
L2,1,0.1380267320000712,0.005801067999982479,0.0,0.12102109799980099,1781386878.834287,1781386878.9723165,0.03162277660165169,0.35469579696655273,2
L2,2,0.14176028700012466,0.0038317230000757263,0.0,0.12702031699973304,1781386879.174548,1781386879.3163116,0.031622776601652275,0.6986908912658691,2
L2,3,0.1394683079997776,0.0036212099998920166,0.0,0.12476698899990879,1781386879.1768467,1781386879.316317,0.031622776601652136,0.6986963748931885,2
L2,4,0.13479303599979175,0.0038934879999033,0.0,0.11981731600008061,1781386879.521518,1781386879.656314,0.03162277660165262,1.0386931896209717,2
L2,5,0.13714211200021964,0.0035619430000224384,0.0,0.12248442500003875,1781386879.5231962,1781386879.660341,0.031622776601652164,1.0427203178405762,2
L2,6,0.13408005399969625,0.003780214000016713,0.0,0.1196104710002146,1781386879.858245,1781386879.992328,0.031622776601652094,1.3747072219848633,2
L2,7,0.13442701999974815,0.003623738999976922,0.0,0.11975384400011535,1781386879.861925,1781386879.9963543,0.031622776601652365,1.3787336349487305,2
L2,8,0.1494341450002139,0.004211771999962366,0.0,0.13421867900024154,1781386880.194891,1781386880.344327,0.03162277660165214,1.7267062664031982,2
L2,9,0.1335467610001615,0.0036417149999579124,0.0,0.11891424999976152,1781386880.198765,1781386880.332315,0.03162277660165214,1.7146942615509033,2
L2,10,0.1343312710000646,0.003768055999898934,0.0,0.11941560199966261,1781386880.5419724,1781386880.676306,0.03162277660165213,2.058685302734375,2
L2,11,0.13194424799985427,0.0036090550001972588,0.0,0.11756371599994964,1781386880.5483696,1781386880.6803164,0.03162277660165203,2.0626957416534424,2
L2,12,0.12974056299981385,0.003863327999624744,0.0,0.11464758099964456,1781386880.8785725,1781386881.0083156,0.031622776601652004,2.3906948566436768,2
L2,13,0.1331297049996465,0.003513423000185867,0.0,0.11886199700029465,1781386880.8791835,1781386881.0123153,0.03162277660165259,2.3946945667266846,2
L2,14,0.12831790299969725,0.004324823000388278,0.0,0.11208522600009019,1781386881.2120092,1781386881.3403287,0.03162277660165214,2.722707986831665,2
L2,15,0.13451882199979082,0.004176594999989902,0.0,0.11969157700013966,1781386881.2217915,1781386881.3563125,0.03162277660165201,2.738691806793213,2
L2,16,0.028429352999864932,0.0037891309998485667,0.0,0.0014398680000340391,1781386881.5313675,1781386881.559799,0.03162277660165162,2.942178249359131,2
L2,17,0.02759649099971284,0.013647012999626895,0.0,0.0014290300000538991,1781386881.5557885,1781386881.583387,0.03162277660165256,2.965766191482544,2
L2,18,0.13706232399999863,0.0037915940001767012,0.0,0.12205667799980802,1781386881.763245,1781386881.9003103,0.031622776601652115,3.2826895713806152,2
L2,19,0.13081829100019604,0.0036826390000896936,0.0,0.11644568300016545,1781386881.7734933,1781386881.9043136,0.03162277660165225,3.2866928577423096,2
L2,20,0.13696033999985957,0.003588125000078435,0.0,0.12258666100024129,1781386882.103352,1781386882.2403154,0.031622776601651956,3.622694730758667,2
L2,21,0.133260534999863,0.004075634999935573,0.0,0.11850453000033667,1781386882.1030443,1781386882.2363076,0.03162277660165212,3.6186869144439697,2
L2,22,0.13941998100017372,0.0039119660000324075,0.0,0.12487372899977345,1781386882.4368894,1781386882.5763113,0.03162277660165202,3.958690643310547,2
L2,23,0.1405581990002247,0.0041788199996517505,0.0,0.12523762799992255,1781386882.4357507,1781386882.5763118,0.03162277660165221,3.958691120147705,2
L2,24,0.1286674010002571,0.0035110280000481,0.0,0.1143935860000056,1781386882.7716346,1781386882.9003046,0.031622776601652317,4.282683849334717,2
L2,25,0.1342060969996055,0.0037288640000952,0.0,0.11980514999959269,1781386882.7700946,1781386882.9043026,0.031622776601652226,4.286681890487671,2
L2,26,0.1524634799998239,0.00379377499984912,0.0,0.13782545499998378,1781386883.0998514,1781386883.2523167,0.03162277660165183,4.634696006774902,2
L2,27,0.13181242599966936,0.003379627999947843,0.0,0.11785677299985764,1781386883.100488,1781386883.2323022,0.031622776601652205,4.6146814823150635,2
L2,28,0.03255187200011278,0.012117372000375326,0.0,0.0019144440002492047,1781386883.401028,1781386883.433582,0.03162277660165196,4.8159613609313965,2
L2,29,0.01640129599991269,0.004204113000014331,0.0,0.0014411199999813107,1781386883.4728396,1781386883.489243,0.03162277660165266,4.871622323989868,2
L2,30,0.12898474399980842,0.0037071629999445577,0.0,0.11474793100023817,1781386883.655317,1781386883.7843044,0.031622776601652115,5.166683673858643,2
L2,31,0.13086711999994805,0.0037694610000471584,0.0,0.11630936799974734,1781386883.685452,1781386883.8163214,0.03162277660165247,5.198700666427612,2
L2,32,0.03202685799988103,0.012104467999961344,0.0,0.0013677590000042983,1781386883.9297807,1781386883.9618094,0.031622776601651977,5.344188690185547,2
L2,33,0.01606735799987291,0.0038315409997267125,0.0,0.0014184609999574604,1781386884.03702,1781386884.0530896,0.0316227766016524,5.435468912124634,2
L2,34,0.1300761570000759,0.004163742999935494,0.0,0.11540022300005148,1781386884.202224,1781386884.3323023,0.03162277660165211,5.714681625366211,2
L2,35,0.1278340379999463,0.003776653999921109,0.0,0.11321421599996029,1781386884.2444904,1781386884.372327,0.03162277660165204,5.754706382751465,2
L2,36,0.0237872390002849,0.0036899920000905695,0.0,0.009573647000252095,1781386884.4696248,1781386884.4934146,0.03162277660165226,5.875793933868408,2
L2,37,0.12824030100000527,0.0037014029999227205,0.0,0.11380154600010428,1781386884.616057,1781386884.7443008,0.031622776601652004,6.126680135726929,2
L2,38,0.025704768000196054,0.0040407639999102685,0.0,0.010692792000099871,1781386884.7463603,1781386884.772067,0.031622776601652164,6.154446363449097,2
L2,39,0.1355656139999155,0.0037097209997227765,0.0,0.12122815600014292,1781386884.9807312,1781386885.1162999,0.03162277660165194,6.498679161071777,2
L2,40,0.04072110499964765,0.012184270000034303,0.0,0.009461849999752303,1781386884.9037378,1781386884.9444616,0.03162277660165227,6.326840877532959,2
L2,41,0.13559071300005598,0.0038363209996532532,0.0,0.11914487099966209,1781386885.1447196,1781386885.2803128,0.03162277660165202,6.662692070007324,2
L2,42,0.12465142500013826,0.0037038259997643763,0.0,0.11023721799983832,1781386885.3196619,1781386885.4443164,0.0316227766016521,6.826695680618286,2
L2,43,0.13549953999972786,0.00380789199971332,0.0,0.12096405700003743,1781386885.4808204,1781386885.6163228,0.03162277660165232,6.998702049255371,2
L2,44,0.13288550400011445,0.004177797000011196,0.0,0.11797453300005145,1781386885.643422,1781386885.7763093,0.03162277660165214,7.158688545227051,2
L2,45,0.13132884700007708,0.0037814100001014594,0.0,0.11683321700002125,1781386885.8169818,1781386885.948314,0.03162277660165209,7.330693244934082,2
L2,46,0.14057766600035393,0.0037341180000112217,0.0,0.12614075300007244,1781386885.9757257,1781386886.116306,0.03162277660165256,7.498685359954834,2
L2,47,0.13505606899980194,0.004283430000214139,0.0,0.119869509000182,1781386886.149259,1781386886.2843182,0.03162277660165203,7.6666975021362305,2
L2,48,0.14070204000017839,0.003743558999758534,0.0,0.12622754800031544,1781386886.3116002,1781386886.4523063,0.031622776601651865,7.834685564041138,2
L2,49,0.13458135099972424,0.003780619000281149,0.0,0.11986520700020264,1781386886.4857314,1781386886.6203156,0.03162277660165208,8.002694845199585,2
L2,50,0.12535997800023324,0.0037186790000305336,0.0,0.111175774000003,1781386886.6589398,1781386886.784303,0.03162277660165232,8.166682243347168,2
L2,51,0.13228360700031772,0.0037939100002404302,0.0,0.1176971049999338,1781386886.82002,1781386886.9523063,0.03162277660165224,8.334685564041138,2
L2,52,0.1342243009999038,0.004135623999900417,0.0,0.11949333299980935,1781386886.9820764,1781386887.1163034,0.03162277660165202,8.498682737350464,2
L2,53,0.1324166790000163,0.0037940229999549047,0.0,0.11787139999978535,1781386887.1478932,1781386887.2803123,0.03162277660165236,8.662691593170166,2
L2,54,0.12708713500023805,0.003742376999980479,0.0,0.11233881299995119,1781386887.325224,1781386887.4523137,0.031622776601652434,8.83469295501709,2
L2,55,0.13535737000029258,0.0037790349997521844,0.0,0.12078154800019547,1781386887.4809425,1781386887.6163018,0.03162277660165237,8.99868106842041,2
L2,56,0.13818345300023793,0.0037050569999337313,0.0,0.12397550400010005,1781386887.6541147,1781386887.7923005,0.03162277660165218,9.17467975616455,2
L2,57,0.13292623400002412,0.0037931209999442217,0.0,0.11847234000015305,1781386887.8153841,1781386887.948313,0.03162277660165218,9.330692291259766,2
L2,58,0.11780357199995706,0.00371533499992438,0.0,0.10359748800010493,1781386887.9905076,1781386888.1083136,0.03162277660165203,9.490692853927612,2
L2,59,0.133314774000155,0.003784591000112414,0.0,0.11883198699979403,1781386888.1509905,1781386888.2843072,0.03162277660165209,9.666686534881592,2
L2,60,0.13827408699989974,0.0041590330001781695,0.0,0.12351924399990821,1781386888.3060334,1781386888.4443095,0.031622776601652,9.826688766479492,2
L2,61,0.1316733540002133,0.00378298600026028,0.0,0.11723594800014325,1781386888.4846268,1781386888.6163025,0.03162277660165202,9.998681783676147,2
L2,62,0.1270099600001231,0.0037994519998392207,0.0,0.11259096899993892,1781386888.6453,1781386888.7723126,0.03162277660165239,10.154691934585571,2
L2,63,0.015872086999934254,0.0037568239999927755,0.0,0.001385146000302484,1781386888.8204408,1781386888.836315,0.03162277660165232,10.21869421005249,2
L2,64,0.1395160570000371,0.0037021749999439635,0.0,0.1253186670001014,1781386888.992783,1781386889.1323016,0.03162277660165211,10.514680862426758,2
L2,65,0.12995346899970173,0.004162426999755553,0.0,0.1150176129999636,1781386889.027376,1781386889.157331,0.031622776601652365,10.539710283279419,2
L2,66,0.137912585000322,0.0038578509997932997,0.0,0.12322435500027495,1781386889.3423991,1781386889.4803135,0.03162277660165204,10.862692832946777,2
L2,67,0.13494223999987298,0.003616306999902008,0.0,0.12089357499962716,1781386889.3533652,1781386889.488309,0.03162277660165221,10.870688199996948,2
L2,68,0.1394837349998852,0.0036601679998966574,0.0,0.1251953500000127,1781386889.6888337,1781386889.8283205,0.03162277660165235,11.210699796676636,2
L2,69,0.13049295900009383,0.0037166259999139584,0.0,0.11572329899991018,1781386889.685816,1781386889.8163116,0.031622776601652185,11.19869089126587,2
L2,70,0.13985765500001435,0.004156059999786521,0.0,0.12504172999979346,1781386890.020446,1781386890.1603062,0.03162277660165205,11.542685508728027,2
L2,71,0.13424180000038177,0.004088545999820781,0.0,0.11952179399986562,1781386890.0260632,1781386890.1603074,0.03162277660165213,11.542686700820923,2
L2,72,0.13355707999971855,0.0035440189999462746,0.0,0.11942675300042538,1781386890.3587494,1781386890.4923093,0.031622776601652317,11.874688625335693,2
L2,73,0.1308566890002112,0.003733105999799591,0.0,0.11635215600017546,1781386890.3574445,1781386890.4883037,0.03162277660165245,11.870682954788208,2
L2,74,0.13926041500008068,0.0037119089997759147,0.0,0.12500477200001114,1781386890.6850426,1781386890.824305,0.03162277660165237,12.206684350967407,2
L2,75,0.13441890099966258,0.0036208259998602443,0.0,0.12026669799979572,1781386890.6898894,1781386890.824311,0.03162277660165255,12.206690311431885,2
L2,76,0.12429328999996869,0.003828902999885031,0.0,0.10939569299989671,1781386891.0240133,1781386891.1483085,0.031622776601651914,12.530687808990479,2
L2,77,0.13063231500018446,0.003610290000324312,0.0,0.11643206799999462,1781386891.0256674,1781386891.156302,0.03162277660165256,12.538681268692017,2
L2,78,0.1369757679999566,0.004190149000351084,0.0,0.12199095999994825,1781386891.3473356,1781386891.4843132,0.03162277660165201,12.866692543029785,2
L2,79,0.12499345800006267,0.0036271439998927235,0.0,0.11093654100022832,1781386891.3553092,1781386891.4803045,0.031622776601652185,12.862683773040771,2
L2,80,0.1372910119998778,0.003697872999964602,0.0,0.12289154200016128,1781386891.6750133,1781386891.8123074,0.03162277660165191,13.194686651229858,2
L2,81,0.13353839299998072,0.003802613000061683,0.0,0.11902854299978571,1781386891.682786,1781386891.816327,0.03162277660165228,13.19870638847351,2
L2,82,0.13836406200016427,0.003703768999912427,0.0,0.12420231099986268,1781386892.0059536,1781386892.1443212,0.03162277660165166,13.526700496673584,2
L2,83,0.1336168739999266,0.0037384309998742538,0.0,0.11923994399967341,1781386892.0186896,1781386892.1523082,0.03162277660165222,13.534687519073486,2
L2,84,0.13297575800015693,0.0037116920002517872,0.0,0.11871223799971631,1781386892.343328,1781386892.476307,0.03162277660165221,13.858686208724976,2
L2,85,0.1261330749998706,0.0037666879998141667,0.0,0.11157596600014585,1781386892.3541832,1781386892.480319,0.03162277660165259,13.862698316574097,2
L2,86,0.13427035299991985,0.003991296000094735,0.0,0.11918274600020595,1781386892.6780317,1781386892.8123045,0.03162277660165267,14.19468379020691,2
L2,87,0.12925961300015842,0.0037614789998769993,0.0,0.11424747599994589,1781386892.6870613,1781386892.8163242,0.03162277660165226,14.198703527450562,2
L2,88,0.13362493099975836,0.0035161730002073455,0.0,0.1194823499999984,1781386893.0187373,1781386893.1523645,0.03162277660165186,14.534743785858154,2
L2,89,0.13523441600000297,0.003752454999812471,0.0,0.12084385600019232,1781386893.0170634,1781386893.1523004,0.03162277660165219,14.534679651260376,2
L2,90,0.12991414199996143,0.0037303859999155975,0.0,0.11558758800038049,1781386893.3503854,1781386893.4803023,0.031622776601652365,14.86268162727356,2
L2,91,0.11665310099988346,0.0037430530001074658,0.0,0.10226633999991463,1781386893.3596435,1781386893.476299,0.03162277660165197,14.858678340911865,2
L2,92,0.12689348200001405,0.0035747040001297137,0.0,0.11285989199996038,1781386893.681843,1781386893.8087387,0.03162277660165211,15.191118001937866,2
L2,93,0.13034694099997068,0.0037642840002263256,0.0,0.11576216499997827,1781386893.6779635,1781386893.808313,0.03162277660165246,15.19069218635559,2
L2,94,0.13293082700010928,0.0038346369997270813,0.0,0.11836496200021429,1781386894.0193849,1781386894.152318,0.03162277660165221,15.53469729423523,2
L2,95,0.13404428200010443,0.0037733079998361063,0.0,0.119564986000114,1781386894.0182562,1781386894.152302,0.03162277660165204,15.53468132019043,2
L2,96,0.13627702199983105,0.003799564000019018,0.0,0.12116266200018799,1781386894.3560374,1781386894.492317,0.03162277660165222,15.874696254730225,2
L2,97,0.12922885299985865,0.0036281920001783874,0.0,0.11500621799996225,1781386894.359068,1781386894.4882994,0.031622776601652205,15.870678663253784,2
L2,98,0.133333372999914,0.004200854999908188,0.0,0.11833089699985067,1781386894.686976,1781386894.820312,0.03162277660165241,16.202691316604614,2
L2,99,0.14156720699975267,0.0036831890001849388,0.0,0.12685727400003088,1781386894.694763,1781386894.8363333,0.031622776601652414,16.21871256828308,2
L3,0,0.014122949000011431,0.0,0.0,0.0016751120001572417,1781386900.96487,1781386900.9789948,0.03162277660165239,0.09694910049438477,2
L3,1,0.09186800399993444,0.0,0.0,0.07594475999985661,1781386900.9614105,1781386901.0532806,0.03162277660165169,0.1712348461151123,2
L3,2,0.014955981000184693,0.0,0.0,0.012647609999930864,1781386901.0307984,1781386901.0457563,0.031622776601652275,0.1637105941772461,2
L3,3,0.005513018000328884,0.0,0.0,0.0014477019999503682,1781386901.1231184,1781386901.1286333,0.031622776601652136,0.24658751487731934,2
L3,4,0.012618228000064846,0.0,0.0,0.008236840999870765,1781386901.124603,1781386901.137223,0.03162277660165262,0.25517725944519043,2
L3,5,0.030747184000119887,0.0,0.0,0.013766585000212217,1781386901.207663,1781386901.2384124,0.031622776601652164,0.3563666343688965,2
L3,6,0.005383664999953908,0.0,0.0,0.003085530000134895,1781386901.2246344,1781386901.2300196,0.031622776601652094,0.3479738235473633,2
L3,7,0.012449806999939028,0.0,0.0,0.008495940000102564,1781386901.3228831,1781386901.3353345,0.031622776601652365,0.4532887935638428,2
L3,8,0.00842505099990376,0.0,0.0,0.0013540299996748217,1781386901.3180687,1781386901.3264956,0.03162277660165214,0.44444990158081055,2
L3,9,0.0036437089997889416,0.0,0.0,0.0013271859997985302,1781386901.3903837,1781386901.394029,0.03162277660165214,0.5119831562042236,2
L3,10,0.009580941000422172,0.0,0.0,0.0012825389999306935,1781386901.434125,1781386901.4437077,0.03162277660165213,0.561661958694458,2
L3,11,0.011653617000320082,0.0,0.0,0.007805421000284696,1781386901.4402032,1781386901.4518585,0.03162277660165203,0.5698127746582031,2
L3,12,0.014933725999981107,0.0,0.0,0.0013704980001421063,1781386901.5312603,1781386901.5461957,0.031622776601652004,0.6641499996185303,2
L3,13,0.12535936399990533,0.0,0.0,0.11180495599955975,1781386901.5390794,1781386901.6644409,0.03162277660165259,0.7823951244354248,2
L3,14,0.004744693999782612,0.0,0.0,0.002477140999872063,1781386901.592987,1781386901.5977333,0.03162277660165214,0.7156875133514404,2
L3,15,0.0034520240001256752,0.0,0.0,0.0012227920001350867,1781386901.6432323,1781386901.6466863,0.03162277660165201,0.7646405696868896,2
L3,16,0.004465373000130057,0.0,0.0,0.0021750470000370115,1781386901.7012103,1781386901.7056775,0.03162277660165162,0.823631763458252,2
L3,17,0.008404946000155178,0.0,0.0,0.0012428929999259708,1781386901.7655592,1781386901.773966,0.03162277660165256,0.8919203281402588,2
L3,18,0.006378756999765756,0.0,0.0,0.004076805999829958,1781386901.7513132,1781386901.7576935,0.031622776601652115,0.875647783279419,2
L3,19,0.003630959000020084,0.0,0.0,0.0012817439996979374,1781386901.807903,1781386901.8115354,0.03162277660165225,0.9294896125793457,2
L3,20,0.011234079999667301,0.0,0.0,0.0012540299999272975,1781386901.8786883,1781386901.8899238,0.031622776601651956,1.007878065109253,2
L3,21,0.011615720999998302,0.0,0.0,0.009342328000002453,1781386901.8574476,1781386901.8690653,0.03162277660165212,0.9870195388793945,2
L3,22,0.0036010220001116977,0.0,0.0,0.0012822490002690756,1781386901.9196568,1781386901.923259,0.03162277660165202,1.0412132740020752,2
L3,23,0.010870526999951835,0.0,0.0,0.0012591230001817166,1781386901.9870114,1781386901.9978836,0.03162277660165221,1.115837812423706,2
L3,24,0.00450472800002899,0.0,0.0,0.00220559100034734,1781386901.9691625,1781386901.9736688,0.031622776601652317,1.091623067855835,2
L3,25,0.008857624000029318,0.0,0.0,0.006572866999704274,1781386902.0248158,1781386902.033675,0.031622776601652226,1.1516292095184326,2
L3,26,0.04329791300006036,0.0,0.0,0.03385627499983457,1781386902.0901039,1781386902.133404,0.03162277660165183,1.2513582706451416,2
L3,27,0.011203769000076136,0.0,0.0,0.008930242999667826,1781386902.082092,1781386902.0932975,0.031622776601652205,1.2112517356872559,2
L3,28,0.14962415499985582,0.0,0.0,0.13590706300010424,1781386902.142831,1781386902.292457,0.03162277660165196,1.4104113578796387,2
L3,29,0.005026663000080589,0.0,0.0,0.0026982710000993393,1781386902.1847355,1781386902.1897643,0.03162277660165266,1.3077185153961182,2
L3,30,0.003568818000076135,0.0,0.0,0.0012253710001459694,1781386902.2360697,1781386902.2396402,0.031622776601652115,1.3575944900512695,2
L3,31,0.0035950720002801972,0.0,0.0,0.001236896999671444,1781386902.286082,1781386902.289679,0.03162277660165247,1.4076333045959473,2
L3,32,0.003875994999816612,0.0,0.0,0.001438574000076187,1781386902.3551316,1781386902.3590095,0.031622776601651977,1.476963758468628,2
L3,33,0.00972477000004801,0.0,0.0,0.0013531869999496848,1781386902.3922813,1781386902.402008,0.0316227766016524,1.5199623107910156,2
L3,34,0.13329391299976123,0.0,0.0,0.12379483099994104,1781386902.4071808,1781386902.5404773,0.03162277660165211,1.6584315299987793,2
L3,35,0.007320084000184579,0.0,0.0,0.0049886259998856985,1781386902.450414,1781386902.4577358,0.03162277660165204,1.5756900310516357,2
L3,36,0.0034641120000742376,0.0,0.0,0.001207542999964062,1781386902.5035863,1781386902.507052,0.03162277660165226,1.6250061988830566,2
L3,37,0.011357254999893485,0.0,0.0,0.008958510999946157,1781386902.5624728,1781386902.573832,0.031622776601652004,1.691786289215088,2
L3,38,0.01905241099984778,0.0,0.0,0.001269540999601304,1781386902.638834,1781386902.657888,0.031622776601652164,1.7758421897888184,2
L3,39,0.004477521999888268,0.0,0.0,0.0021221369997874717,1781386902.6212084,1781386902.6256876,0.03162277660165194,1.7436418533325195,2
L3,40,0.1445604249997814,0.0,0.0,0.13407783799993922,1781386902.6759026,1781386902.8204653,0.03162277660165227,1.9384195804595947,2
L3,41,0.011573033000331634,0.0,0.0,0.009251404999758961,1781386902.7172043,1781386902.728779,0.03162277660165202,1.8467333316802979,2
L3,42,0.0034312289999434142,0.0,0.0,0.0011985430001004715,1781386902.7741928,1781386902.7776258,0.0316227766016521,1.8955800533294678,2
L3,43,0.13651635099995474,0.0,0.0,0.12380246799966699,1781386902.8319204,1781386902.968439,0.03162277660165232,2.086393356323242,2
L3,44,0.008841808999932255,0.0,0.0,0.006566472000031354,1781386902.872901,1781386902.8817446,0.03162277660165214,1.9996988773345947,2
L3,45,0.0057277300002169795,0.0,0.0,0.0034470339996914845,1781386902.9279673,1781386902.9336965,0.03162277660165209,2.0516507625579834,2
L3,46,0.0035568190000958566,0.0,0.0,0.001272266000341915,1781386902.9877074,1781386902.9912658,0.03162277660165256,2.109220027923584,2
L3,47,0.011262186999829282,0.0,0.0,0.0012617950001185818,1781386903.0666368,1781386903.0779006,0.03162277660165203,2.195854902267456,2
L3,48,0.011718725000264385,0.0,0.0,0.009411439000359678,1781386903.0375574,1781386903.0492778,0.031622776601651865,2.167232036590576,2
L3,49,0.003641159999915544,0.0,0.0,0.0013559610001721012,1781386903.0990112,1781386903.102654,0.03162277660165208,2.2206082344055176,2
L3,50,0.011399744999835093,0.0,0.0,0.0012732889999824692,1781386903.17849,1781386903.1898913,0.03162277660165232,2.3078455924987793,2
L3,51,0.0050500069996815,0.0,0.0,0.002729222999732883,1781386903.1486924,1781386903.1537442,0.03162277660165224,2.271698474884033,2
L3,52,0.10611554199977036,0.0,0.0,0.09296915100003389,1781386903.2032547,1781386903.3093724,0.03162277660165202,2.4273266792297363,2
L3,53,0.003527614000176982,0.0,0.0,0.0012250509998921189,1781386903.246995,1781386903.2505245,0.03162277660165236,2.368478775024414,2
L3,54,0.005823650999900565,0.0,0.0,0.003604673999689112,1781386903.295871,1781386903.3016963,0.031622776601652434,2.4196505546569824,2
L3,55,0.0112814559997787,0.0,0.0,0.0012694500001089182,1781386903.3866198,1781386903.397903,0.03162277660165237,2.515857219696045,2
L3,56,0.0037497579996852437,0.0,0.0,0.001357224999992468,1781386903.3565774,1781386903.3603292,0.03162277660165218,2.478283405303955,2
L3,57,0.13483634299973346,0.0,0.0,0.12783299400007309,1781386903.409615,1781386903.5444534,0.03162277660165218,2.662407636642456,2
L3,58,0.0035126950001540536,0.0,0.0,0.001224231000378495,1781386903.4549785,1781386903.458493,0.03162277660165203,2.5764472484588623,2
L3,59,0.003430551999827003,0.0,0.0,0.0012000970000372035,1781386903.5037937,1781386903.5072258,0.03162277660165209,2.6251800060272217,2
L3,60,0.0036061890000382846,0.0,0.0,0.0013244900001154747,1781386903.561542,1781386903.56515,0.031622776601652,2.6831042766571045,2
L3,61,0.014156216999708704,0.0,0.0,0.01189996599987353,1781386903.6355972,1781386903.6497552,0.03162277660165202,2.767709493637085,2
L3,62,0.0036046749996785366,0.0,0.0,0.0013397809998423327,1781386903.6108434,1781386903.61445,0.03162277660165239,2.7324042320251465,2
L3,63,0.0035371399999348796,0.0,0.0,0.001392088000102376,1781386903.6869094,1781386903.690448,0.03162277660165232,2.8084022998809814,2
L3,64,0.13484935799988307,0.0,0.0,0.12366600399991512,1781386903.73749,1781386903.8723414,0.03162277660165211,2.990295648574829,2
L3,65,0.006886534999921423,0.0,0.0,0.004605715999787208,1781386903.7630825,1781386903.769971,0.031622776601652365,2.887925148010254,2
L3,66,0.0034485829996810935,0.0,0.0,0.0012423800003489305,1781386903.8155932,1781386903.8190436,0.03162277660165204,2.936997890472412,2
L3,67,0.0034215200003018253,0.0,0.0,0.0012046619999637187,1781386903.8646352,1781386903.8680584,0.03162277660165221,2.9860126972198486,2
L3,68,0.0036398350002855295,0.0,0.0,0.0013567269998020492,1781386903.9292529,1781386903.9328947,0.03162277660165235,3.050848960876465,2
L3,69,0.006376237000040419,0.0,0.0,0.004141605999848252,1781386903.9552526,1781386903.961631,0.031622776601652185,3.079585313796997,2
L3,70,0.03780207899990273,0.0,0.0,0.020887568000034662,1781386904.027687,1781386904.0654912,0.03162277660165205,3.183445453643799,2
L3,71,0.003589147999718989,0.0,0.0,0.001299838999784697,1781386904.0071852,1781386904.010776,0.03162277660165213,3.128730297088623,2
L3,72,0.01522619500019573,0.0,0.0,0.007969976999902428,1781386904.0585558,1781386904.0737839,0.031622776601652317,3.1917381286621094,2
L3,73,0.010410105000119074,0.0,0.0,0.008154072999786877,1781386904.115312,1781386904.1257238,0.03162277660165245,3.243678092956543,2
L3,74,0.0034272640000381216,0.0,0.0,0.0012282819998290506,1781386904.1560302,1781386904.159459,0.03162277660165237,3.2774133682250977,2
L3,75,0.00961801999983436,0.0,0.0,0.0012264590000086173,1781386904.2243056,1781386904.2339253,0.03162277660165255,3.351879596710205,2
L3,76,0.009114697999848431,0.0,0.0,0.006983713000408898,1781386904.204568,1781386904.2136846,0.031622776601651914,3.331638813018799,2
L3,77,0.0033402340000066033,0.0,0.0,0.0012474550003389595,1781386904.262513,1781386904.265855,0.03162277660165256,3.3838093280792236,2
L3,78,0.010068188999866834,0.0,0.0,0.0012514889999692969,1781386904.3318312,1781386904.3419013,0.03162277660165201,3.459855556488037,2
L3,79,0.0036624740000661404,0.0,0.0,0.0015063499999996566,1781386904.3105721,1781386904.314236,0.031622776601652185,3.432190179824829,2
L3,80,0.011731316999885166,0.0,0.0,0.008209216000068409,1781386904.3701599,1781386904.3818936,0.03162277660165191,3.499847888946533,2
L3,81,0.023767397000028723,0.0,0.0,0.0018123129998457443,1781386904.4426715,1781386904.4664407,0.03162277660165228,3.584394931793213,2
L3,82,0.003933379000045534,0.0,0.0,0.0013849519996256276,1781386904.4285836,1781386904.432519,0.03162277660165166,3.550473213195801,2
L3,83,0.07258874100034518,0.0,0.0,0.060426991999975144,1781386904.5085437,1781386904.581135,0.03162277660165222,3.699089288711548,2
L3,84,0.011338073999922926,0.0,0.0,0.008934144999784621,1781386904.5505207,1781386904.5618603,0.03162277660165221,3.679814577102661,2
L3,85,0.012383865999709087,0.0,0.0,0.0014175159999467724,1781386904.6338234,1781386904.6462097,0.03162277660165259,3.7641639709472656,2
L3,86,0.0043846270000358345,0.0,0.0,0.001334502000190696,1781386904.6686363,1781386904.673023,0.03162277660165267,3.7909772396087646,2
L3,87,0.005658264999965468,0.0,0.0,0.0033908409996001865,1781386904.744021,1781386904.749681,0.03162277660165226,3.8676352500915527,2
L3,88,0.016288316000100167,0.0,0.0,0.0012682139999924402,1781386904.777508,1781386904.7937982,0.03162277660165186,3.911752462387085,2
L3,89,0.0054926530001466745,0.0,0.0,0.0033986839998760843,1781386904.796671,1781386904.8021653,0.03162277660165219,3.920119524002075,2
L3,90,0.011807712000063475,0.0,0.0,0.0012050489999637648,1781386904.8819609,1781386904.8937705,0.031622776601652365,4.0117247104644775,2
L3,91,0.005267543999707414,0.0,0.0,0.0028773929998351377,1781386904.8802989,1781386904.885568,0.03162277660165197,4.003522157669067,2
L3,92,0.0035384269999667595,0.0,0.0,0.0013276660001793061,1781386904.93459,1781386904.9381306,0.03162277660165211,4.056084871292114,2
L3,93,0.008715086999927735,0.0,0.0,0.0012183750000076543,1781386905.0010927,1781386905.0098097,0.03162277660165246,4.127763986587524,2
L3,94,0.008485458999984985,0.0,0.0,0.006209361999935936,1781386904.9852445,1781386904.9937317,0.03162277660165221,4.1116859912872314,2
L3,95,0.010257959999762534,0.0,0.0,0.008082711000042764,1781386905.043428,1781386905.0536878,0.03162277660165204,4.171642065048218,2
L3,96,0.009619209999982559,0.0,0.0,0.0012704480000138574,1781386905.1123364,1781386905.1219578,0.03162277660165222,4.239912033081055,2
L3,97,0.003541889999723935,0.0,0.0,0.0013376070000958862,1781386905.0995388,1781386905.1030824,0.031622776601652205,4.221036672592163,2
L3,98,0.01157889099977183,0.0,0.0,0.009328150000328606,1781386905.1542225,1781386905.1658034,0.03162277660165241,4.28375768661499,2
L3,99,0.003542060999734531,0.0,0.0,0.0013287140000102227,1781386905.203503,1781386905.207047,0.031622776601652414,4.325001239776611,2
